timeline;application;%memused;worker
0.0;dfsioe;89.23;0
5.0;dfsioe;89.4;0
10.0;dfsioe;89.36;0
15.0;dfsioe;89.36;0
20.0;dfsioe;89.55;0
25.0;dfsioe;92.59;0
30.0;dfsioe;94.36;0
35.0;dfsioe;91.73;0
40.0;dfsioe;90.89;0
45.0;dfsioe;89.91;0
50.0;dfsioe;93.54;0
55.0;dfsioe;97.58;0
60.0;dfsioe;98.19;0
65.0;dfsioe;98.42;0
70.0;dfsioe;98.12;0
75.0;dfsioe;98.16;0
80.0;dfsioe;98.22;0
85.0;dfsioe;98.38;0
90.0;dfsioe;98.29;0
95.0;dfsioe;98.3;0
100.0;dfsioe;98.34;0
105.0;dfsioe;98.09;0
110.0;dfsioe;98.13;0
115.0;dfsioe;98.16;0
120.0;dfsioe;98.18;0
125.0;dfsioe;98.18;0
130.0;dfsioe;98.26;0
135.0;dfsioe;97.53;0
140.0;dfsioe;98.31;0
145.0;dfsioe;95.73;0
150.0;dfsioe;96.05;0
155.0;dfsioe;95.98;0
160.0;dfsioe;95.75;0
165.0;dfsioe;95.77;0
170.0;dfsioe;95.83;0
175.0;dfsioe;95.96;0
180.0;dfsioe;95.87;0
185.0;dfsioe;95.9;0
190.0;dfsioe;96.14;0
195.0;dfsioe;96.14;0
200.0;dfsioe;96.29;0
205.0;dfsioe;97.46;0
210.0;dfsioe;96.29;0
215.0;dfsioe;96.37;0
220.0;dfsioe;96.38;0
225.0;dfsioe;96.39;0
230.0;dfsioe;96.59;0
235.0;dfsioe;96.66;0
240.0;dfsioe;96.6;0
245.0;dfsioe;96.58;0
250.0;dfsioe;96.7;0
255.0;dfsioe;96.74;0
260.0;dfsioe;96.79;0
265.0;dfsioe;98.01;0
270.0;dfsioe;97.3;0
275.0;dfsioe;97.88;0
280.0;dfsioe;95.54;0
285.0;dfsioe;95.56;0
290.0;dfsioe;95.64;0
295.0;dfsioe;95.63;0
300.0;dfsioe;95.86;0
305.0;dfsioe;95.7;0
310.0;dfsioe;95.76;0
315.0;dfsioe;96.98;0
320.0;dfsioe;98.39;0
325.0;dfsioe;96.45;0
330.0;dfsioe;95.14;0
335.0;dfsioe;95.32;0
340.0;dfsioe;95.12;0
345.0;dfsioe;95.18;0
350.0;dfsioe;95.29;0
355.0;dfsioe;95.31;0
360.0;dfsioe;95.33;0
365.0;dfsioe;95.43;0
370.0;dfsioe;95.52;0
375.0;dfsioe;95.45;0
380.0;dfsioe;95.48;0
385.0;dfsioe;95.55;0
390.0;dfsioe;95.55;0
395.0;dfsioe;95.66;0
400.0;dfsioe;95.8;0
405.0;dfsioe;96.11;0
410.0;dfsioe;95.96;0
415.0;dfsioe;95.98;0
420.0;dfsioe;96.01;0
425.0;dfsioe;95.97;0
430.0;dfsioe;96.2;0
435.0;dfsioe;96.16;0
440.0;dfsioe;96.18;0
445.0;dfsioe;96.13;0
450.0;dfsioe;96.13;0
455.0;dfsioe;96.19;0
460.0;dfsioe;96.19;0
465.0;dfsioe;96.29;0
470.0;dfsioe;96.28;0
475.0;dfsioe;96.47;0
480.0;dfsioe;96.48;0
485.0;dfsioe;96.31;0
490.0;dfsioe;96.36;0
495.0;dfsioe;97.36;0
500.0;dfsioe;98.24;0
505.0;dfsioe;97.02;0
510.0;dfsioe;95.78;0
515.0;dfsioe;95.78;0
520.0;dfsioe;95.78;0
525.0;dfsioe;95.77;0
530.0;dfsioe;95.89;0
535.0;dfsioe;96.04;0
540.0;dfsioe;96.11;0
545.0;dfsioe;90.58;0
550.0;dfsioe;90.55;0
555.0;dfsioe;91.49;0
560.0;dfsioe;92.62;0
565.0;dfsioe;96.7;0
570.0;dfsioe;98.2;0
575.0;dfsioe;98.22;0
580.0;dfsioe;97.9;0
585.0;dfsioe;95.84;0
590.0;dfsioe;96.16;0
595.0;dfsioe;96.34;0
600.0;dfsioe;96.56;0
605.0;dfsioe;96.62;0
610.0;dfsioe;96.62;0
615.0;dfsioe;97.0;0
620.0;dfsioe;97.3;0
625.0;dfsioe;98.3;0
630.0;dfsioe;96.01;0
635.0;dfsioe;96.09;0
640.0;dfsioe;96.12;0
645.0;dfsioe;96.05;0
650.0;dfsioe;96.09;0
655.0;dfsioe;96.14;0
660.0;dfsioe;96.12;0
665.0;dfsioe;96.4;0
670.0;dfsioe;96.49;0
675.0;dfsioe;97.08;0
680.0;dfsioe;98.03;0
685.0;dfsioe;95.72;0
690.0;dfsioe;95.72;0
695.0;dfsioe;95.73;0
700.0;dfsioe;95.88;0
705.0;dfsioe;95.93;0
710.0;dfsioe;95.77;0
715.0;dfsioe;95.84;0
720.0;dfsioe;95.84;0
725.0;dfsioe;95.84;0
730.0;dfsioe;96.05;0
735.0;dfsioe;95.86;0
740.0;dfsioe;95.93;0
745.0;dfsioe;96.0;0
750.0;dfsioe;96.02;0
755.0;dfsioe;96.02;0
760.0;dfsioe;96.08;0
765.0;dfsioe;96.2;0
770.0;dfsioe;96.23;0
775.0;dfsioe;96.15;0
780.0;dfsioe;96.15;0
785.0;dfsioe;96.14;0
790.0;dfsioe;96.17;0
795.0;dfsioe;96.36;0
800.0;dfsioe;96.69;0
805.0;dfsioe;97.59;0
810.0;dfsioe;96.4;0
815.0;dfsioe;96.43;0
820.0;dfsioe;96.43;0
825.0;dfsioe;96.42;0
830.0;dfsioe;96.68;0
835.0;dfsioe;96.66;0
840.0;dfsioe;96.52;0
845.0;dfsioe;96.51;0
850.0;dfsioe;96.68;0
855.0;dfsioe;97.94;0
861.0;dfsioe;95.82;0
866.0;dfsioe;97.66;0
871.0;dfsioe;97.14;0
876.0;dfsioe;97.79;0
881.0;dfsioe;95.59;0
886.0;dfsioe;95.59;0
891.0;dfsioe;95.59;0
0.0;dfsioe;89.23;1
5.0;dfsioe;89.4;1
10.0;dfsioe;89.36;1
15.0;dfsioe;89.36;1
20.0;dfsioe;89.55;1
25.0;dfsioe;92.59;1
30.0;dfsioe;94.36;1
35.0;dfsioe;91.73;1
40.0;dfsioe;90.89;1
45.0;dfsioe;89.91;1
50.0;dfsioe;93.54;1
55.0;dfsioe;97.58;1
60.0;dfsioe;98.19;1
65.0;dfsioe;98.42;1
70.0;dfsioe;98.12;1
75.0;dfsioe;98.16;1
80.0;dfsioe;98.22;1
85.0;dfsioe;98.38;1
90.0;dfsioe;98.29;1
95.0;dfsioe;98.3;1
100.0;dfsioe;98.34;1
105.0;dfsioe;98.09;1
110.0;dfsioe;98.13;1
115.0;dfsioe;98.16;1
120.0;dfsioe;98.18;1
125.0;dfsioe;98.18;1
130.0;dfsioe;98.26;1
135.0;dfsioe;97.53;1
140.0;dfsioe;98.31;1
145.0;dfsioe;95.73;1
150.0;dfsioe;96.05;1
155.0;dfsioe;95.98;1
160.0;dfsioe;95.75;1
165.0;dfsioe;95.77;1
170.0;dfsioe;95.83;1
175.0;dfsioe;95.96;1
180.0;dfsioe;95.87;1
185.0;dfsioe;95.9;1
190.0;dfsioe;96.14;1
195.0;dfsioe;96.14;1
200.0;dfsioe;96.29;1
205.0;dfsioe;97.46;1
210.0;dfsioe;96.29;1
215.0;dfsioe;96.37;1
220.0;dfsioe;96.38;1
225.0;dfsioe;96.39;1
230.0;dfsioe;96.59;1
235.0;dfsioe;96.66;1
240.0;dfsioe;96.6;1
245.0;dfsioe;96.58;1
250.0;dfsioe;96.7;1
255.0;dfsioe;96.74;1
260.0;dfsioe;96.79;1
265.0;dfsioe;98.01;1
270.0;dfsioe;97.3;1
275.0;dfsioe;97.88;1
280.0;dfsioe;95.54;1
285.0;dfsioe;95.56;1
290.0;dfsioe;95.64;1
295.0;dfsioe;95.63;1
300.0;dfsioe;95.86;1
305.0;dfsioe;95.7;1
310.0;dfsioe;95.76;1
315.0;dfsioe;96.98;1
320.0;dfsioe;98.39;1
325.0;dfsioe;96.45;1
330.0;dfsioe;95.14;1
335.0;dfsioe;95.32;1
340.0;dfsioe;95.12;1
345.0;dfsioe;95.18;1
350.0;dfsioe;95.29;1
355.0;dfsioe;95.31;1
360.0;dfsioe;95.33;1
365.0;dfsioe;95.43;1
370.0;dfsioe;95.52;1
375.0;dfsioe;95.45;1
380.0;dfsioe;95.48;1
385.0;dfsioe;95.55;1
390.0;dfsioe;95.55;1
395.0;dfsioe;95.66;1
400.0;dfsioe;95.8;1
405.0;dfsioe;96.11;1
410.0;dfsioe;95.96;1
415.0;dfsioe;95.98;1
420.0;dfsioe;96.01;1
425.0;dfsioe;95.97;1
430.0;dfsioe;96.2;1
435.0;dfsioe;96.16;1
440.0;dfsioe;96.18;1
445.0;dfsioe;96.13;1
450.0;dfsioe;96.13;1
455.0;dfsioe;96.19;1
460.0;dfsioe;96.19;1
465.0;dfsioe;96.29;1
470.0;dfsioe;96.28;1
475.0;dfsioe;96.47;1
480.0;dfsioe;96.48;1
485.0;dfsioe;96.31;1
490.0;dfsioe;96.36;1
495.0;dfsioe;97.36;1
500.0;dfsioe;98.24;1
505.0;dfsioe;97.02;1
510.0;dfsioe;95.78;1
515.0;dfsioe;95.78;1
520.0;dfsioe;95.78;1
525.0;dfsioe;95.77;1
530.0;dfsioe;95.89;1
535.0;dfsioe;96.04;1
540.0;dfsioe;96.11;1
545.0;dfsioe;90.58;1
550.0;dfsioe;90.55;1
555.0;dfsioe;91.49;1
560.0;dfsioe;92.62;1
565.0;dfsioe;96.7;1
570.0;dfsioe;98.2;1
575.0;dfsioe;98.22;1
580.0;dfsioe;97.9;1
585.0;dfsioe;95.84;1
590.0;dfsioe;96.16;1
595.0;dfsioe;96.34;1
600.0;dfsioe;96.56;1
605.0;dfsioe;96.62;1
610.0;dfsioe;96.62;1
615.0;dfsioe;97.0;1
620.0;dfsioe;97.3;1
625.0;dfsioe;98.3;1
630.0;dfsioe;96.01;1
635.0;dfsioe;96.09;1
640.0;dfsioe;96.12;1
645.0;dfsioe;96.05;1
650.0;dfsioe;96.09;1
655.0;dfsioe;96.14;1
660.0;dfsioe;96.12;1
665.0;dfsioe;96.4;1
670.0;dfsioe;96.49;1
675.0;dfsioe;97.08;1
680.0;dfsioe;98.03;1
685.0;dfsioe;95.72;1
690.0;dfsioe;95.72;1
695.0;dfsioe;95.73;1
700.0;dfsioe;95.88;1
705.0;dfsioe;95.93;1
710.0;dfsioe;95.77;1
715.0;dfsioe;95.84;1
720.0;dfsioe;95.84;1
725.0;dfsioe;95.84;1
730.0;dfsioe;96.05;1
735.0;dfsioe;95.86;1
740.0;dfsioe;95.93;1
745.0;dfsioe;96.0;1
750.0;dfsioe;96.02;1
755.0;dfsioe;96.02;1
760.0;dfsioe;96.08;1
765.0;dfsioe;96.2;1
770.0;dfsioe;96.23;1
775.0;dfsioe;96.15;1
780.0;dfsioe;96.15;1
785.0;dfsioe;96.14;1
790.0;dfsioe;96.17;1
795.0;dfsioe;96.36;1
800.0;dfsioe;96.69;1
805.0;dfsioe;97.59;1
810.0;dfsioe;96.4;1
815.0;dfsioe;96.43;1
820.0;dfsioe;96.43;1
825.0;dfsioe;96.42;1
830.0;dfsioe;96.68;1
835.0;dfsioe;96.66;1
840.0;dfsioe;96.52;1
845.0;dfsioe;96.51;1
850.0;dfsioe;96.68;1
855.0;dfsioe;97.94;1
861.0;dfsioe;95.82;1
866.0;dfsioe;97.66;1
871.0;dfsioe;97.14;1
876.0;dfsioe;97.79;1
881.0;dfsioe;95.59;1
886.0;dfsioe;95.59;1
891.0;dfsioe;95.59;1
0.0;dfsioe;89.23;2
5.0;dfsioe;89.4;2
10.0;dfsioe;89.36;2
15.0;dfsioe;89.36;2
20.0;dfsioe;89.55;2
25.0;dfsioe;92.59;2
30.0;dfsioe;94.36;2
35.0;dfsioe;91.73;2
40.0;dfsioe;90.89;2
45.0;dfsioe;89.91;2
50.0;dfsioe;93.54;2
55.0;dfsioe;97.58;2
60.0;dfsioe;98.19;2
65.0;dfsioe;98.42;2
70.0;dfsioe;98.12;2
75.0;dfsioe;98.16;2
80.0;dfsioe;98.22;2
85.0;dfsioe;98.38;2
90.0;dfsioe;98.29;2
95.0;dfsioe;98.3;2
100.0;dfsioe;98.34;2
105.0;dfsioe;98.09;2
110.0;dfsioe;98.13;2
115.0;dfsioe;98.16;2
120.0;dfsioe;98.18;2
125.0;dfsioe;98.18;2
130.0;dfsioe;98.26;2
135.0;dfsioe;97.53;2
140.0;dfsioe;98.31;2
145.0;dfsioe;95.73;2
150.0;dfsioe;96.05;2
155.0;dfsioe;95.98;2
160.0;dfsioe;95.75;2
165.0;dfsioe;95.77;2
170.0;dfsioe;95.83;2
175.0;dfsioe;95.96;2
180.0;dfsioe;95.87;2
185.0;dfsioe;95.9;2
190.0;dfsioe;96.14;2
195.0;dfsioe;96.14;2
200.0;dfsioe;96.29;2
205.0;dfsioe;97.46;2
210.0;dfsioe;96.29;2
215.0;dfsioe;96.37;2
220.0;dfsioe;96.38;2
225.0;dfsioe;96.39;2
230.0;dfsioe;96.59;2
235.0;dfsioe;96.66;2
240.0;dfsioe;96.6;2
245.0;dfsioe;96.58;2
250.0;dfsioe;96.7;2
255.0;dfsioe;96.74;2
260.0;dfsioe;96.79;2
265.0;dfsioe;98.01;2
270.0;dfsioe;97.3;2
275.0;dfsioe;97.88;2
280.0;dfsioe;95.54;2
285.0;dfsioe;95.56;2
290.0;dfsioe;95.64;2
295.0;dfsioe;95.63;2
300.0;dfsioe;95.86;2
305.0;dfsioe;95.7;2
310.0;dfsioe;95.76;2
315.0;dfsioe;96.98;2
320.0;dfsioe;98.39;2
325.0;dfsioe;96.45;2
330.0;dfsioe;95.14;2
335.0;dfsioe;95.32;2
340.0;dfsioe;95.12;2
345.0;dfsioe;95.18;2
350.0;dfsioe;95.29;2
355.0;dfsioe;95.31;2
360.0;dfsioe;95.33;2
365.0;dfsioe;95.43;2
370.0;dfsioe;95.52;2
375.0;dfsioe;95.45;2
380.0;dfsioe;95.48;2
385.0;dfsioe;95.55;2
390.0;dfsioe;95.55;2
395.0;dfsioe;95.66;2
400.0;dfsioe;95.8;2
405.0;dfsioe;96.11;2
410.0;dfsioe;95.96;2
415.0;dfsioe;95.98;2
420.0;dfsioe;96.01;2
425.0;dfsioe;95.97;2
430.0;dfsioe;96.2;2
435.0;dfsioe;96.16;2
440.0;dfsioe;96.18;2
445.0;dfsioe;96.13;2
450.0;dfsioe;96.13;2
455.0;dfsioe;96.19;2
460.0;dfsioe;96.19;2
465.0;dfsioe;96.29;2
470.0;dfsioe;96.28;2
475.0;dfsioe;96.47;2
480.0;dfsioe;96.48;2
485.0;dfsioe;96.31;2
490.0;dfsioe;96.36;2
495.0;dfsioe;97.36;2
500.0;dfsioe;98.24;2
505.0;dfsioe;97.02;2
510.0;dfsioe;95.78;2
515.0;dfsioe;95.78;2
520.0;dfsioe;95.78;2
525.0;dfsioe;95.77;2
530.0;dfsioe;95.89;2
535.0;dfsioe;96.04;2
540.0;dfsioe;96.11;2
545.0;dfsioe;90.58;2
550.0;dfsioe;90.55;2
555.0;dfsioe;91.49;2
560.0;dfsioe;92.62;2
565.0;dfsioe;96.7;2
570.0;dfsioe;98.2;2
575.0;dfsioe;98.22;2
580.0;dfsioe;97.9;2
585.0;dfsioe;95.84;2
590.0;dfsioe;96.16;2
595.0;dfsioe;96.34;2
600.0;dfsioe;96.56;2
605.0;dfsioe;96.62;2
610.0;dfsioe;96.62;2
615.0;dfsioe;97.0;2
620.0;dfsioe;97.3;2
625.0;dfsioe;98.3;2
630.0;dfsioe;96.01;2
635.0;dfsioe;96.09;2
640.0;dfsioe;96.12;2
645.0;dfsioe;96.05;2
650.0;dfsioe;96.09;2
655.0;dfsioe;96.14;2
660.0;dfsioe;96.12;2
665.0;dfsioe;96.4;2
670.0;dfsioe;96.49;2
675.0;dfsioe;97.08;2
680.0;dfsioe;98.03;2
685.0;dfsioe;95.72;2
690.0;dfsioe;95.72;2
695.0;dfsioe;95.73;2
700.0;dfsioe;95.88;2
705.0;dfsioe;95.93;2
710.0;dfsioe;95.77;2
715.0;dfsioe;95.84;2
720.0;dfsioe;95.84;2
725.0;dfsioe;95.84;2
730.0;dfsioe;96.05;2
735.0;dfsioe;95.86;2
740.0;dfsioe;95.93;2
745.0;dfsioe;96.0;2
750.0;dfsioe;96.02;2
755.0;dfsioe;96.02;2
760.0;dfsioe;96.08;2
765.0;dfsioe;96.2;2
770.0;dfsioe;96.23;2
775.0;dfsioe;96.15;2
780.0;dfsioe;96.15;2
785.0;dfsioe;96.14;2
790.0;dfsioe;96.17;2
795.0;dfsioe;96.36;2
800.0;dfsioe;96.69;2
805.0;dfsioe;97.59;2
810.0;dfsioe;96.4;2
815.0;dfsioe;96.43;2
820.0;dfsioe;96.43;2
825.0;dfsioe;96.42;2
830.0;dfsioe;96.68;2
835.0;dfsioe;96.66;2
840.0;dfsioe;96.52;2
845.0;dfsioe;96.51;2
850.0;dfsioe;96.68;2
855.0;dfsioe;97.94;2
861.0;dfsioe;95.82;2
866.0;dfsioe;97.66;2
871.0;dfsioe;97.14;2
876.0;dfsioe;97.79;2
881.0;dfsioe;95.59;2
886.0;dfsioe;95.59;2
891.0;dfsioe;95.59;2
0.0;dfsioe;89.23;3
5.0;dfsioe;89.4;3
10.0;dfsioe;89.36;3
15.0;dfsioe;89.36;3
20.0;dfsioe;89.55;3
25.0;dfsioe;92.59;3
30.0;dfsioe;94.36;3
35.0;dfsioe;91.73;3
40.0;dfsioe;90.89;3
45.0;dfsioe;89.91;3
50.0;dfsioe;93.54;3
55.0;dfsioe;97.58;3
60.0;dfsioe;98.19;3
65.0;dfsioe;98.42;3
70.0;dfsioe;98.12;3
75.0;dfsioe;98.16;3
80.0;dfsioe;98.22;3
85.0;dfsioe;98.38;3
90.0;dfsioe;98.29;3
95.0;dfsioe;98.3;3
100.0;dfsioe;98.34;3
105.0;dfsioe;98.09;3
110.0;dfsioe;98.13;3
115.0;dfsioe;98.16;3
120.0;dfsioe;98.18;3
125.0;dfsioe;98.18;3
130.0;dfsioe;98.26;3
135.0;dfsioe;97.53;3
140.0;dfsioe;98.31;3
145.0;dfsioe;95.73;3
150.0;dfsioe;96.05;3
155.0;dfsioe;95.98;3
160.0;dfsioe;95.75;3
165.0;dfsioe;95.77;3
170.0;dfsioe;95.83;3
175.0;dfsioe;95.96;3
180.0;dfsioe;95.87;3
185.0;dfsioe;95.9;3
190.0;dfsioe;96.14;3
195.0;dfsioe;96.14;3
200.0;dfsioe;96.29;3
205.0;dfsioe;97.46;3
210.0;dfsioe;96.29;3
215.0;dfsioe;96.37;3
220.0;dfsioe;96.38;3
225.0;dfsioe;96.39;3
230.0;dfsioe;96.59;3
235.0;dfsioe;96.66;3
240.0;dfsioe;96.6;3
245.0;dfsioe;96.58;3
250.0;dfsioe;96.7;3
255.0;dfsioe;96.74;3
260.0;dfsioe;96.79;3
265.0;dfsioe;98.01;3
270.0;dfsioe;97.3;3
275.0;dfsioe;97.88;3
280.0;dfsioe;95.54;3
285.0;dfsioe;95.56;3
290.0;dfsioe;95.64;3
295.0;dfsioe;95.63;3
300.0;dfsioe;95.86;3
305.0;dfsioe;95.7;3
310.0;dfsioe;95.76;3
315.0;dfsioe;96.98;3
320.0;dfsioe;98.39;3
325.0;dfsioe;96.45;3
330.0;dfsioe;95.14;3
335.0;dfsioe;95.32;3
340.0;dfsioe;95.12;3
345.0;dfsioe;95.18;3
350.0;dfsioe;95.29;3
355.0;dfsioe;95.31;3
360.0;dfsioe;95.33;3
365.0;dfsioe;95.43;3
370.0;dfsioe;95.52;3
375.0;dfsioe;95.45;3
380.0;dfsioe;95.48;3
385.0;dfsioe;95.55;3
390.0;dfsioe;95.55;3
395.0;dfsioe;95.66;3
400.0;dfsioe;95.8;3
405.0;dfsioe;96.11;3
410.0;dfsioe;95.96;3
415.0;dfsioe;95.98;3
420.0;dfsioe;96.01;3
425.0;dfsioe;95.97;3
430.0;dfsioe;96.2;3
435.0;dfsioe;96.16;3
440.0;dfsioe;96.18;3
445.0;dfsioe;96.13;3
450.0;dfsioe;96.13;3
455.0;dfsioe;96.19;3
460.0;dfsioe;96.19;3
465.0;dfsioe;96.29;3
470.0;dfsioe;96.28;3
475.0;dfsioe;96.47;3
480.0;dfsioe;96.48;3
485.0;dfsioe;96.31;3
490.0;dfsioe;96.36;3
495.0;dfsioe;97.36;3
500.0;dfsioe;98.24;3
505.0;dfsioe;97.02;3
510.0;dfsioe;95.78;3
515.0;dfsioe;95.78;3
520.0;dfsioe;95.78;3
525.0;dfsioe;95.77;3
530.0;dfsioe;95.89;3
535.0;dfsioe;96.04;3
540.0;dfsioe;96.11;3
545.0;dfsioe;90.58;3
550.0;dfsioe;90.55;3
555.0;dfsioe;91.49;3
560.0;dfsioe;92.62;3
565.0;dfsioe;96.7;3
570.0;dfsioe;98.2;3
575.0;dfsioe;98.22;3
580.0;dfsioe;97.9;3
585.0;dfsioe;95.84;3
590.0;dfsioe;96.16;3
595.0;dfsioe;96.34;3
600.0;dfsioe;96.56;3
605.0;dfsioe;96.62;3
610.0;dfsioe;96.62;3
615.0;dfsioe;97.0;3
620.0;dfsioe;97.3;3
625.0;dfsioe;98.3;3
630.0;dfsioe;96.01;3
635.0;dfsioe;96.09;3
640.0;dfsioe;96.12;3
645.0;dfsioe;96.05;3
650.0;dfsioe;96.09;3
655.0;dfsioe;96.14;3
660.0;dfsioe;96.12;3
665.0;dfsioe;96.4;3
670.0;dfsioe;96.49;3
675.0;dfsioe;97.08;3
680.0;dfsioe;98.03;3
685.0;dfsioe;95.72;3
690.0;dfsioe;95.72;3
695.0;dfsioe;95.73;3
700.0;dfsioe;95.88;3
705.0;dfsioe;95.93;3
710.0;dfsioe;95.77;3
715.0;dfsioe;95.84;3
720.0;dfsioe;95.84;3
725.0;dfsioe;95.84;3
730.0;dfsioe;96.05;3
735.0;dfsioe;95.86;3
740.0;dfsioe;95.93;3
745.0;dfsioe;96.0;3
750.0;dfsioe;96.02;3
755.0;dfsioe;96.02;3
760.0;dfsioe;96.08;3
765.0;dfsioe;96.2;3
770.0;dfsioe;96.23;3
775.0;dfsioe;96.15;3
780.0;dfsioe;96.15;3
785.0;dfsioe;96.14;3
790.0;dfsioe;96.17;3
795.0;dfsioe;96.36;3
800.0;dfsioe;96.69;3
805.0;dfsioe;97.59;3
810.0;dfsioe;96.4;3
815.0;dfsioe;96.43;3
820.0;dfsioe;96.43;3
825.0;dfsioe;96.42;3
830.0;dfsioe;96.68;3
835.0;dfsioe;96.66;3
840.0;dfsioe;96.52;3
845.0;dfsioe;96.51;3
850.0;dfsioe;96.68;3
855.0;dfsioe;97.94;3
861.0;dfsioe;95.82;3
866.0;dfsioe;97.66;3
871.0;dfsioe;97.14;3
876.0;dfsioe;97.79;3
881.0;dfsioe;95.59;3
886.0;dfsioe;95.59;3
891.0;dfsioe;95.59;3
0.0;dfsioe;89.23;4
5.0;dfsioe;89.4;4
10.0;dfsioe;89.36;4
15.0;dfsioe;89.36;4
20.0;dfsioe;89.55;4
25.0;dfsioe;92.59;4
30.0;dfsioe;94.36;4
35.0;dfsioe;91.73;4
40.0;dfsioe;90.89;4
45.0;dfsioe;89.91;4
50.0;dfsioe;93.54;4
55.0;dfsioe;97.58;4
60.0;dfsioe;98.19;4
65.0;dfsioe;98.42;4
70.0;dfsioe;98.12;4
75.0;dfsioe;98.16;4
80.0;dfsioe;98.22;4
85.0;dfsioe;98.38;4
90.0;dfsioe;98.29;4
95.0;dfsioe;98.3;4
100.0;dfsioe;98.34;4
105.0;dfsioe;98.09;4
110.0;dfsioe;98.13;4
115.0;dfsioe;98.16;4
120.0;dfsioe;98.18;4
125.0;dfsioe;98.18;4
130.0;dfsioe;98.26;4
135.0;dfsioe;97.53;4
140.0;dfsioe;98.31;4
145.0;dfsioe;95.73;4
150.0;dfsioe;96.05;4
155.0;dfsioe;95.98;4
160.0;dfsioe;95.75;4
165.0;dfsioe;95.77;4
170.0;dfsioe;95.83;4
175.0;dfsioe;95.96;4
180.0;dfsioe;95.87;4
185.0;dfsioe;95.9;4
190.0;dfsioe;96.14;4
195.0;dfsioe;96.14;4
200.0;dfsioe;96.29;4
205.0;dfsioe;97.46;4
210.0;dfsioe;96.29;4
215.0;dfsioe;96.37;4
220.0;dfsioe;96.38;4
225.0;dfsioe;96.39;4
230.0;dfsioe;96.59;4
235.0;dfsioe;96.66;4
240.0;dfsioe;96.6;4
245.0;dfsioe;96.58;4
250.0;dfsioe;96.7;4
255.0;dfsioe;96.74;4
260.0;dfsioe;96.79;4
265.0;dfsioe;98.01;4
270.0;dfsioe;97.3;4
275.0;dfsioe;97.88;4
280.0;dfsioe;95.54;4
285.0;dfsioe;95.56;4
290.0;dfsioe;95.64;4
295.0;dfsioe;95.63;4
300.0;dfsioe;95.86;4
305.0;dfsioe;95.7;4
310.0;dfsioe;95.76;4
315.0;dfsioe;96.98;4
320.0;dfsioe;98.39;4
325.0;dfsioe;96.45;4
330.0;dfsioe;95.14;4
335.0;dfsioe;95.32;4
340.0;dfsioe;95.12;4
345.0;dfsioe;95.18;4
350.0;dfsioe;95.29;4
355.0;dfsioe;95.31;4
360.0;dfsioe;95.33;4
365.0;dfsioe;95.43;4
370.0;dfsioe;95.52;4
375.0;dfsioe;95.45;4
380.0;dfsioe;95.48;4
385.0;dfsioe;95.55;4
390.0;dfsioe;95.55;4
395.0;dfsioe;95.66;4
400.0;dfsioe;95.8;4
405.0;dfsioe;96.11;4
410.0;dfsioe;95.96;4
415.0;dfsioe;95.98;4
420.0;dfsioe;96.01;4
425.0;dfsioe;95.97;4
430.0;dfsioe;96.2;4
435.0;dfsioe;96.16;4
440.0;dfsioe;96.18;4
445.0;dfsioe;96.13;4
450.0;dfsioe;96.13;4
455.0;dfsioe;96.19;4
460.0;dfsioe;96.19;4
465.0;dfsioe;96.29;4
470.0;dfsioe;96.28;4
475.0;dfsioe;96.47;4
480.0;dfsioe;96.48;4
485.0;dfsioe;96.31;4
490.0;dfsioe;96.36;4
495.0;dfsioe;97.36;4
500.0;dfsioe;98.24;4
505.0;dfsioe;97.02;4
510.0;dfsioe;95.78;4
515.0;dfsioe;95.78;4
520.0;dfsioe;95.78;4
525.0;dfsioe;95.77;4
530.0;dfsioe;95.89;4
535.0;dfsioe;96.04;4
540.0;dfsioe;96.11;4
545.0;dfsioe;90.58;4
550.0;dfsioe;90.55;4
555.0;dfsioe;91.49;4
560.0;dfsioe;92.62;4
565.0;dfsioe;96.7;4
570.0;dfsioe;98.2;4
575.0;dfsioe;98.22;4
580.0;dfsioe;97.9;4
585.0;dfsioe;95.84;4
590.0;dfsioe;96.16;4
595.0;dfsioe;96.34;4
600.0;dfsioe;96.56;4
605.0;dfsioe;96.62;4
610.0;dfsioe;96.62;4
615.0;dfsioe;97.0;4
620.0;dfsioe;97.3;4
625.0;dfsioe;98.3;4
630.0;dfsioe;96.01;4
635.0;dfsioe;96.09;4
640.0;dfsioe;96.12;4
645.0;dfsioe;96.05;4
650.0;dfsioe;96.09;4
655.0;dfsioe;96.14;4
660.0;dfsioe;96.12;4
665.0;dfsioe;96.4;4
670.0;dfsioe;96.49;4
675.0;dfsioe;97.08;4
680.0;dfsioe;98.03;4
685.0;dfsioe;95.72;4
690.0;dfsioe;95.72;4
695.0;dfsioe;95.73;4
700.0;dfsioe;95.88;4
705.0;dfsioe;95.93;4
710.0;dfsioe;95.77;4
715.0;dfsioe;95.84;4
720.0;dfsioe;95.84;4
725.0;dfsioe;95.84;4
730.0;dfsioe;96.05;4
735.0;dfsioe;95.86;4
740.0;dfsioe;95.93;4
745.0;dfsioe;96.0;4
750.0;dfsioe;96.02;4
755.0;dfsioe;96.02;4
760.0;dfsioe;96.08;4
765.0;dfsioe;96.2;4
770.0;dfsioe;96.23;4
775.0;dfsioe;96.15;4
780.0;dfsioe;96.15;4
785.0;dfsioe;96.14;4
790.0;dfsioe;96.17;4
795.0;dfsioe;96.36;4
800.0;dfsioe;96.69;4
805.0;dfsioe;97.59;4
810.0;dfsioe;96.4;4
815.0;dfsioe;96.43;4
820.0;dfsioe;96.43;4
825.0;dfsioe;96.42;4
830.0;dfsioe;96.68;4
835.0;dfsioe;96.66;4
840.0;dfsioe;96.52;4
845.0;dfsioe;96.51;4
850.0;dfsioe;96.68;4
855.0;dfsioe;97.94;4
861.0;dfsioe;95.82;4
866.0;dfsioe;97.66;4
871.0;dfsioe;97.14;4
876.0;dfsioe;97.79;4
881.0;dfsioe;95.59;4
886.0;dfsioe;95.59;4
891.0;dfsioe;95.59;4
0.0;dfsioe;89.23;5
5.0;dfsioe;89.4;5
10.0;dfsioe;89.36;5
15.0;dfsioe;89.36;5
20.0;dfsioe;89.55;5
25.0;dfsioe;92.59;5
30.0;dfsioe;94.36;5
35.0;dfsioe;91.73;5
40.0;dfsioe;90.89;5
45.0;dfsioe;89.91;5
50.0;dfsioe;93.54;5
55.0;dfsioe;97.58;5
60.0;dfsioe;98.19;5
65.0;dfsioe;98.42;5
70.0;dfsioe;98.12;5
75.0;dfsioe;98.16;5
80.0;dfsioe;98.22;5
85.0;dfsioe;98.38;5
90.0;dfsioe;98.29;5
95.0;dfsioe;98.3;5
100.0;dfsioe;98.34;5
105.0;dfsioe;98.09;5
110.0;dfsioe;98.13;5
115.0;dfsioe;98.16;5
120.0;dfsioe;98.18;5
125.0;dfsioe;98.18;5
130.0;dfsioe;98.26;5
135.0;dfsioe;97.53;5
140.0;dfsioe;98.31;5
145.0;dfsioe;95.73;5
150.0;dfsioe;96.05;5
155.0;dfsioe;95.98;5
160.0;dfsioe;95.75;5
165.0;dfsioe;95.77;5
170.0;dfsioe;95.83;5
175.0;dfsioe;95.96;5
180.0;dfsioe;95.87;5
185.0;dfsioe;95.9;5
190.0;dfsioe;96.14;5
195.0;dfsioe;96.14;5
200.0;dfsioe;96.29;5
205.0;dfsioe;97.46;5
210.0;dfsioe;96.29;5
215.0;dfsioe;96.37;5
220.0;dfsioe;96.38;5
225.0;dfsioe;96.39;5
230.0;dfsioe;96.59;5
235.0;dfsioe;96.66;5
240.0;dfsioe;96.6;5
245.0;dfsioe;96.58;5
250.0;dfsioe;96.7;5
255.0;dfsioe;96.74;5
260.0;dfsioe;96.79;5
265.0;dfsioe;98.01;5
270.0;dfsioe;97.3;5
275.0;dfsioe;97.88;5
280.0;dfsioe;95.54;5
285.0;dfsioe;95.56;5
290.0;dfsioe;95.64;5
295.0;dfsioe;95.63;5
300.0;dfsioe;95.86;5
305.0;dfsioe;95.7;5
310.0;dfsioe;95.76;5
315.0;dfsioe;96.98;5
320.0;dfsioe;98.39;5
325.0;dfsioe;96.45;5
330.0;dfsioe;95.14;5
335.0;dfsioe;95.32;5
340.0;dfsioe;95.12;5
345.0;dfsioe;95.18;5
350.0;dfsioe;95.29;5
355.0;dfsioe;95.31;5
360.0;dfsioe;95.33;5
365.0;dfsioe;95.43;5
370.0;dfsioe;95.52;5
375.0;dfsioe;95.45;5
380.0;dfsioe;95.48;5
385.0;dfsioe;95.55;5
390.0;dfsioe;95.55;5
395.0;dfsioe;95.66;5
400.0;dfsioe;95.8;5
405.0;dfsioe;96.11;5
410.0;dfsioe;95.96;5
415.0;dfsioe;95.98;5
420.0;dfsioe;96.01;5
425.0;dfsioe;95.97;5
430.0;dfsioe;96.2;5
435.0;dfsioe;96.16;5
440.0;dfsioe;96.18;5
445.0;dfsioe;96.13;5
450.0;dfsioe;96.13;5
455.0;dfsioe;96.19;5
460.0;dfsioe;96.19;5
465.0;dfsioe;96.29;5
470.0;dfsioe;96.28;5
475.0;dfsioe;96.47;5
480.0;dfsioe;96.48;5
485.0;dfsioe;96.31;5
490.0;dfsioe;96.36;5
495.0;dfsioe;97.36;5
500.0;dfsioe;98.24;5
505.0;dfsioe;97.02;5
510.0;dfsioe;95.78;5
515.0;dfsioe;95.78;5
520.0;dfsioe;95.78;5
525.0;dfsioe;95.77;5
530.0;dfsioe;95.89;5
535.0;dfsioe;96.04;5
540.0;dfsioe;96.11;5
545.0;dfsioe;90.58;5
550.0;dfsioe;90.55;5
555.0;dfsioe;91.49;5
560.0;dfsioe;92.62;5
565.0;dfsioe;96.7;5
570.0;dfsioe;98.2;5
575.0;dfsioe;98.22;5
580.0;dfsioe;97.9;5
585.0;dfsioe;95.84;5
590.0;dfsioe;96.16;5
595.0;dfsioe;96.34;5
600.0;dfsioe;96.56;5
605.0;dfsioe;96.62;5
610.0;dfsioe;96.62;5
615.0;dfsioe;97.0;5
620.0;dfsioe;97.3;5
625.0;dfsioe;98.3;5
630.0;dfsioe;96.01;5
635.0;dfsioe;96.09;5
640.0;dfsioe;96.12;5
645.0;dfsioe;96.05;5
650.0;dfsioe;96.09;5
655.0;dfsioe;96.14;5
660.0;dfsioe;96.12;5
665.0;dfsioe;96.4;5
670.0;dfsioe;96.49;5
675.0;dfsioe;97.08;5
680.0;dfsioe;98.03;5
685.0;dfsioe;95.72;5
690.0;dfsioe;95.72;5
695.0;dfsioe;95.73;5
700.0;dfsioe;95.88;5
705.0;dfsioe;95.93;5
710.0;dfsioe;95.77;5
715.0;dfsioe;95.84;5
720.0;dfsioe;95.84;5
725.0;dfsioe;95.84;5
730.0;dfsioe;96.05;5
735.0;dfsioe;95.86;5
740.0;dfsioe;95.93;5
745.0;dfsioe;96.0;5
750.0;dfsioe;96.02;5
755.0;dfsioe;96.02;5
760.0;dfsioe;96.08;5
765.0;dfsioe;96.2;5
770.0;dfsioe;96.23;5
775.0;dfsioe;96.15;5
780.0;dfsioe;96.15;5
785.0;dfsioe;96.14;5
790.0;dfsioe;96.17;5
795.0;dfsioe;96.36;5
800.0;dfsioe;96.69;5
805.0;dfsioe;97.59;5
810.0;dfsioe;96.4;5
815.0;dfsioe;96.43;5
820.0;dfsioe;96.43;5
825.0;dfsioe;96.42;5
830.0;dfsioe;96.68;5
835.0;dfsioe;96.66;5
840.0;dfsioe;96.52;5
845.0;dfsioe;96.51;5
850.0;dfsioe;96.68;5
855.0;dfsioe;97.94;5
861.0;dfsioe;95.82;5
866.0;dfsioe;97.66;5
871.0;dfsioe;97.14;5
876.0;dfsioe;97.79;5
881.0;dfsioe;95.59;5
886.0;dfsioe;95.59;5
891.0;dfsioe;95.59;5
0.0;dfsioe;89.23;6
5.0;dfsioe;89.4;6
10.0;dfsioe;89.36;6
15.0;dfsioe;89.36;6
20.0;dfsioe;89.55;6
25.0;dfsioe;92.59;6
30.0;dfsioe;94.36;6
35.0;dfsioe;91.73;6
40.0;dfsioe;90.89;6
45.0;dfsioe;89.91;6
50.0;dfsioe;93.54;6
55.0;dfsioe;97.58;6
60.0;dfsioe;98.19;6
65.0;dfsioe;98.42;6
70.0;dfsioe;98.12;6
75.0;dfsioe;98.16;6
80.0;dfsioe;98.22;6
85.0;dfsioe;98.38;6
90.0;dfsioe;98.29;6
95.0;dfsioe;98.3;6
100.0;dfsioe;98.34;6
105.0;dfsioe;98.09;6
110.0;dfsioe;98.13;6
115.0;dfsioe;98.16;6
120.0;dfsioe;98.18;6
125.0;dfsioe;98.18;6
130.0;dfsioe;98.26;6
135.0;dfsioe;97.53;6
140.0;dfsioe;98.31;6
145.0;dfsioe;95.73;6
150.0;dfsioe;96.05;6
155.0;dfsioe;95.98;6
160.0;dfsioe;95.75;6
165.0;dfsioe;95.77;6
170.0;dfsioe;95.83;6
175.0;dfsioe;95.96;6
180.0;dfsioe;95.87;6
185.0;dfsioe;95.9;6
190.0;dfsioe;96.14;6
195.0;dfsioe;96.14;6
200.0;dfsioe;96.29;6
205.0;dfsioe;97.46;6
210.0;dfsioe;96.29;6
215.0;dfsioe;96.37;6
220.0;dfsioe;96.38;6
225.0;dfsioe;96.39;6
230.0;dfsioe;96.59;6
235.0;dfsioe;96.66;6
240.0;dfsioe;96.6;6
245.0;dfsioe;96.58;6
250.0;dfsioe;96.7;6
255.0;dfsioe;96.74;6
260.0;dfsioe;96.79;6
265.0;dfsioe;98.01;6
270.0;dfsioe;97.3;6
275.0;dfsioe;97.88;6
280.0;dfsioe;95.54;6
285.0;dfsioe;95.56;6
290.0;dfsioe;95.64;6
295.0;dfsioe;95.63;6
300.0;dfsioe;95.86;6
305.0;dfsioe;95.7;6
310.0;dfsioe;95.76;6
315.0;dfsioe;96.98;6
320.0;dfsioe;98.39;6
325.0;dfsioe;96.45;6
330.0;dfsioe;95.14;6
335.0;dfsioe;95.32;6
340.0;dfsioe;95.12;6
345.0;dfsioe;95.18;6
350.0;dfsioe;95.29;6
355.0;dfsioe;95.31;6
360.0;dfsioe;95.33;6
365.0;dfsioe;95.43;6
370.0;dfsioe;95.52;6
375.0;dfsioe;95.45;6
380.0;dfsioe;95.48;6
385.0;dfsioe;95.55;6
390.0;dfsioe;95.55;6
395.0;dfsioe;95.66;6
400.0;dfsioe;95.8;6
405.0;dfsioe;96.11;6
410.0;dfsioe;95.96;6
415.0;dfsioe;95.98;6
420.0;dfsioe;96.01;6
425.0;dfsioe;95.97;6
430.0;dfsioe;96.2;6
435.0;dfsioe;96.16;6
440.0;dfsioe;96.18;6
445.0;dfsioe;96.13;6
450.0;dfsioe;96.13;6
455.0;dfsioe;96.19;6
460.0;dfsioe;96.19;6
465.0;dfsioe;96.29;6
470.0;dfsioe;96.28;6
475.0;dfsioe;96.47;6
480.0;dfsioe;96.48;6
485.0;dfsioe;96.31;6
490.0;dfsioe;96.36;6
495.0;dfsioe;97.36;6
500.0;dfsioe;98.24;6
505.0;dfsioe;97.02;6
510.0;dfsioe;95.78;6
515.0;dfsioe;95.78;6
520.0;dfsioe;95.78;6
525.0;dfsioe;95.77;6
530.0;dfsioe;95.89;6
535.0;dfsioe;96.04;6
540.0;dfsioe;96.11;6
545.0;dfsioe;90.58;6
550.0;dfsioe;90.55;6
555.0;dfsioe;91.49;6
560.0;dfsioe;92.62;6
565.0;dfsioe;96.7;6
570.0;dfsioe;98.2;6
575.0;dfsioe;98.22;6
580.0;dfsioe;97.9;6
585.0;dfsioe;95.84;6
590.0;dfsioe;96.16;6
595.0;dfsioe;96.34;6
600.0;dfsioe;96.56;6
605.0;dfsioe;96.62;6
610.0;dfsioe;96.62;6
615.0;dfsioe;97.0;6
620.0;dfsioe;97.3;6
625.0;dfsioe;98.3;6
630.0;dfsioe;96.01;6
635.0;dfsioe;96.09;6
640.0;dfsioe;96.12;6
645.0;dfsioe;96.05;6
650.0;dfsioe;96.09;6
655.0;dfsioe;96.14;6
660.0;dfsioe;96.12;6
665.0;dfsioe;96.4;6
670.0;dfsioe;96.49;6
675.0;dfsioe;97.08;6
680.0;dfsioe;98.03;6
685.0;dfsioe;95.72;6
690.0;dfsioe;95.72;6
695.0;dfsioe;95.73;6
700.0;dfsioe;95.88;6
705.0;dfsioe;95.93;6
710.0;dfsioe;95.77;6
715.0;dfsioe;95.84;6
720.0;dfsioe;95.84;6
725.0;dfsioe;95.84;6
730.0;dfsioe;96.05;6
735.0;dfsioe;95.86;6
740.0;dfsioe;95.93;6
745.0;dfsioe;96.0;6
750.0;dfsioe;96.02;6
755.0;dfsioe;96.02;6
760.0;dfsioe;96.08;6
765.0;dfsioe;96.2;6
770.0;dfsioe;96.23;6
775.0;dfsioe;96.15;6
780.0;dfsioe;96.15;6
785.0;dfsioe;96.14;6
790.0;dfsioe;96.17;6
795.0;dfsioe;96.36;6
800.0;dfsioe;96.69;6
805.0;dfsioe;97.59;6
810.0;dfsioe;96.4;6
815.0;dfsioe;96.43;6
820.0;dfsioe;96.43;6
825.0;dfsioe;96.42;6
830.0;dfsioe;96.68;6
835.0;dfsioe;96.66;6
840.0;dfsioe;96.52;6
845.0;dfsioe;96.51;6
850.0;dfsioe;96.68;6
855.0;dfsioe;97.94;6
861.0;dfsioe;95.82;6
866.0;dfsioe;97.66;6
871.0;dfsioe;97.14;6
876.0;dfsioe;97.79;6
881.0;dfsioe;95.59;6
886.0;dfsioe;95.59;6
891.0;dfsioe;95.59;6
0.0;dfsioe;89.23;7
5.0;dfsioe;89.4;7
10.0;dfsioe;89.36;7
15.0;dfsioe;89.36;7
20.0;dfsioe;89.55;7
25.0;dfsioe;92.59;7
30.0;dfsioe;94.36;7
35.0;dfsioe;91.73;7
40.0;dfsioe;90.89;7
45.0;dfsioe;89.91;7
50.0;dfsioe;93.54;7
55.0;dfsioe;97.58;7
60.0;dfsioe;98.19;7
65.0;dfsioe;98.42;7
70.0;dfsioe;98.12;7
75.0;dfsioe;98.16;7
80.0;dfsioe;98.22;7
85.0;dfsioe;98.38;7
90.0;dfsioe;98.29;7
95.0;dfsioe;98.3;7
100.0;dfsioe;98.34;7
105.0;dfsioe;98.09;7
110.0;dfsioe;98.13;7
115.0;dfsioe;98.16;7
120.0;dfsioe;98.18;7
125.0;dfsioe;98.18;7
130.0;dfsioe;98.26;7
135.0;dfsioe;97.53;7
140.0;dfsioe;98.31;7
145.0;dfsioe;95.73;7
150.0;dfsioe;96.05;7
155.0;dfsioe;95.98;7
160.0;dfsioe;95.75;7
165.0;dfsioe;95.77;7
170.0;dfsioe;95.83;7
175.0;dfsioe;95.96;7
180.0;dfsioe;95.87;7
185.0;dfsioe;95.9;7
190.0;dfsioe;96.14;7
195.0;dfsioe;96.14;7
200.0;dfsioe;96.29;7
205.0;dfsioe;97.46;7
210.0;dfsioe;96.29;7
215.0;dfsioe;96.37;7
220.0;dfsioe;96.38;7
225.0;dfsioe;96.39;7
230.0;dfsioe;96.59;7
235.0;dfsioe;96.66;7
240.0;dfsioe;96.6;7
245.0;dfsioe;96.58;7
250.0;dfsioe;96.7;7
255.0;dfsioe;96.74;7
260.0;dfsioe;96.79;7
265.0;dfsioe;98.01;7
270.0;dfsioe;97.3;7
275.0;dfsioe;97.88;7
280.0;dfsioe;95.54;7
285.0;dfsioe;95.56;7
290.0;dfsioe;95.64;7
295.0;dfsioe;95.63;7
300.0;dfsioe;95.86;7
305.0;dfsioe;95.7;7
310.0;dfsioe;95.76;7
315.0;dfsioe;96.98;7
320.0;dfsioe;98.39;7
325.0;dfsioe;96.45;7
330.0;dfsioe;95.14;7
335.0;dfsioe;95.32;7
340.0;dfsioe;95.12;7
345.0;dfsioe;95.18;7
350.0;dfsioe;95.29;7
355.0;dfsioe;95.31;7
360.0;dfsioe;95.33;7
365.0;dfsioe;95.43;7
370.0;dfsioe;95.52;7
375.0;dfsioe;95.45;7
380.0;dfsioe;95.48;7
385.0;dfsioe;95.55;7
390.0;dfsioe;95.55;7
395.0;dfsioe;95.66;7
400.0;dfsioe;95.8;7
405.0;dfsioe;96.11;7
410.0;dfsioe;95.96;7
415.0;dfsioe;95.98;7
420.0;dfsioe;96.01;7
425.0;dfsioe;95.97;7
430.0;dfsioe;96.2;7
435.0;dfsioe;96.16;7
440.0;dfsioe;96.18;7
445.0;dfsioe;96.13;7
450.0;dfsioe;96.13;7
455.0;dfsioe;96.19;7
460.0;dfsioe;96.19;7
465.0;dfsioe;96.29;7
470.0;dfsioe;96.28;7
475.0;dfsioe;96.47;7
480.0;dfsioe;96.48;7
485.0;dfsioe;96.31;7
490.0;dfsioe;96.36;7
495.0;dfsioe;97.36;7
500.0;dfsioe;98.24;7
505.0;dfsioe;97.02;7
510.0;dfsioe;95.78;7
515.0;dfsioe;95.78;7
520.0;dfsioe;95.78;7
525.0;dfsioe;95.77;7
530.0;dfsioe;95.89;7
535.0;dfsioe;96.04;7
540.0;dfsioe;96.11;7
545.0;dfsioe;90.58;7
550.0;dfsioe;90.55;7
555.0;dfsioe;91.49;7
560.0;dfsioe;92.62;7
565.0;dfsioe;96.7;7
570.0;dfsioe;98.2;7
575.0;dfsioe;98.22;7
580.0;dfsioe;97.9;7
585.0;dfsioe;95.84;7
590.0;dfsioe;96.16;7
595.0;dfsioe;96.34;7
600.0;dfsioe;96.56;7
605.0;dfsioe;96.62;7
610.0;dfsioe;96.62;7
615.0;dfsioe;97.0;7
620.0;dfsioe;97.3;7
625.0;dfsioe;98.3;7
630.0;dfsioe;96.01;7
635.0;dfsioe;96.09;7
640.0;dfsioe;96.12;7
645.0;dfsioe;96.05;7
650.0;dfsioe;96.09;7
655.0;dfsioe;96.14;7
660.0;dfsioe;96.12;7
665.0;dfsioe;96.4;7
670.0;dfsioe;96.49;7
675.0;dfsioe;97.08;7
680.0;dfsioe;98.03;7
685.0;dfsioe;95.72;7
690.0;dfsioe;95.72;7
695.0;dfsioe;95.73;7
700.0;dfsioe;95.88;7
705.0;dfsioe;95.93;7
710.0;dfsioe;95.77;7
715.0;dfsioe;95.84;7
720.0;dfsioe;95.84;7
725.0;dfsioe;95.84;7
730.0;dfsioe;96.05;7
735.0;dfsioe;95.86;7
740.0;dfsioe;95.93;7
745.0;dfsioe;96.0;7
750.0;dfsioe;96.02;7
755.0;dfsioe;96.02;7
760.0;dfsioe;96.08;7
765.0;dfsioe;96.2;7
770.0;dfsioe;96.23;7
775.0;dfsioe;96.15;7
780.0;dfsioe;96.15;7
785.0;dfsioe;96.14;7
790.0;dfsioe;96.17;7
795.0;dfsioe;96.36;7
800.0;dfsioe;96.69;7
805.0;dfsioe;97.59;7
810.0;dfsioe;96.4;7
815.0;dfsioe;96.43;7
820.0;dfsioe;96.43;7
825.0;dfsioe;96.42;7
830.0;dfsioe;96.68;7
835.0;dfsioe;96.66;7
840.0;dfsioe;96.52;7
845.0;dfsioe;96.51;7
850.0;dfsioe;96.68;7
855.0;dfsioe;97.94;7
861.0;dfsioe;95.82;7
866.0;dfsioe;97.66;7
871.0;dfsioe;97.14;7
876.0;dfsioe;97.79;7
881.0;dfsioe;95.59;7
886.0;dfsioe;95.59;7
891.0;dfsioe;95.59;7
0.0;pagerank;89.05;0
5.0;pagerank;89.2;0
10.0;pagerank;89.13;0
15.0;pagerank;89.47;0
20.0;pagerank;89.49;0
25.0;pagerank;91.55;0
30.0;pagerank;90.84;0
35.0;pagerank;90.82;0
40.0;pagerank;92.84;0
45.0;pagerank;94.57;0
50.0;pagerank;94.75;0
55.0;pagerank;95.01;0
60.0;pagerank;96.64;0
65.0;pagerank;95.33;0
70.0;pagerank;94.76;0
75.0;pagerank;94.7;0
80.0;pagerank;94.68;0
85.0;pagerank;94.82;0
90.0;pagerank;94.87;0
95.0;pagerank;94.86;0
100.0;pagerank;94.78;0
105.0;pagerank;94.8;0
110.0;pagerank;94.78;0
115.0;pagerank;94.93;0
120.0;pagerank;94.97;0
125.0;pagerank;96.37;0
130.0;pagerank;96.13;0
135.0;pagerank;94.89;0
140.0;pagerank;94.93;0
145.0;pagerank;94.93;0
150.0;pagerank;95.03;0
155.0;pagerank;95.17;0
160.0;pagerank;94.95;0
165.0;pagerank;94.97;0
170.0;pagerank;94.97;0
175.0;pagerank;94.99;0
180.0;pagerank;96.02;0
185.0;pagerank;96.59;0
190.0;pagerank;97.68;0
195.0;pagerank;95.15;0
200.0;pagerank;95.75;0
205.0;pagerank;95.7;0
210.0;pagerank;95.68;0
215.0;pagerank;95.99;0
220.0;pagerank;95.87;0
225.0;pagerank;95.85;0
230.0;pagerank;95.66;0
235.0;pagerank;96.82;0
240.0;pagerank;96.28;0
245.0;pagerank;95.81;0
250.0;pagerank;95.93;0
255.0;pagerank;95.84;0
260.0;pagerank;95.81;0
265.0;pagerank;95.84;0
270.0;pagerank;95.82;0
275.0;pagerank;95.93;0
280.0;pagerank;95.9;0
285.0;pagerank;95.98;0
290.0;pagerank;95.99;0
295.0;pagerank;95.83;0
300.0;pagerank;95.91;0
305.0;pagerank;95.93;0
310.0;pagerank;95.92;0
315.0;pagerank;96.12;0
320.0;pagerank;96.13;0
325.0;pagerank;95.95;0
330.0;pagerank;96.05;0
335.0;pagerank;96.12;0
340.0;pagerank;96.11;0
345.0;pagerank;96.23;0
350.0;pagerank;96.29;0
355.0;pagerank;96.15;0
360.0;pagerank;96.19;0
365.0;pagerank;97.03;0
370.0;pagerank;96.24;0
375.0;pagerank;96.35;0
380.0;pagerank;96.41;0
385.0;pagerank;96.44;0
390.0;pagerank;96.28;0
395.0;pagerank;96.35;0
400.0;pagerank;96.35;0
405.0;pagerank;96.36;0
411.0;pagerank;97.25;0
416.0;pagerank;96.49;0
421.0;pagerank;98.04;0
426.0;pagerank;96.55;0
431.0;pagerank;96.54;0
436.0;pagerank;95.04;0
441.0;pagerank;95.08;0
446.0;pagerank;95.13;0
451.0;pagerank;95.2;0
456.0;pagerank;95.21;0
461.0;pagerank;95.12;0
466.0;pagerank;95.12;0
471.0;pagerank;95.11;0
476.0;pagerank;95.26;0
481.0;pagerank;96.07;0
486.0;pagerank;97.13;0
491.0;pagerank;97.76;0
496.0;pagerank;95.18;0
501.0;pagerank;95.19;0
506.0;pagerank;95.26;0
511.0;pagerank;95.45;0
516.0;pagerank;95.51;0
521.0;pagerank;95.33;0
526.0;pagerank;95.47;0
531.0;pagerank;95.49;0
536.0;pagerank;95.5;0
541.0;pagerank;95.56;0
546.0;pagerank;95.61;0
551.0;pagerank;95.58;0
556.0;pagerank;95.52;0
561.0;pagerank;95.53;0
566.0;pagerank;95.52;0
571.0;pagerank;95.5;0
576.0;pagerank;95.72;0
581.0;pagerank;95.66;0
586.0;pagerank;95.54;0
591.0;pagerank;95.53;0
596.0;pagerank;96.63;0
601.0;pagerank;95.54;0
606.0;pagerank;95.85;0
611.0;pagerank;95.75;0
616.0;pagerank;95.56;0
621.0;pagerank;95.63;0
626.0;pagerank;95.66;0
631.0;pagerank;95.67;0
636.0;pagerank;95.75;0
641.0;pagerank;95.8;0
646.0;pagerank;95.86;0
651.0;pagerank;95.72;0
656.0;pagerank;95.9;0
661.0;pagerank;95.91;0
666.0;pagerank;96.52;0
671.0;pagerank;96.17;0
676.0;pagerank;96.2;0
681.0;pagerank;96.22;0
686.0;pagerank;96.03;0
691.0;pagerank;96.04;0
696.0;pagerank;96.16;0
701.0;pagerank;96.08;0
706.0;pagerank;96.31;0
711.0;pagerank;96.94;0
716.0;pagerank;96.21;0
721.0;pagerank;96.23;0
726.0;pagerank;98.15;0
731.0;pagerank;97.67;0
736.0;pagerank;96.26;0
741.0;pagerank;96.26;0
746.0;pagerank;96.36;0
751.0;pagerank;96.28;0
756.0;pagerank;96.42;0
761.0;pagerank;96.31;0
766.0;pagerank;96.31;0
771.0;pagerank;96.42;0
776.0;pagerank;96.77;0
781.0;pagerank;98.19;0
786.0;pagerank;98.32;0
791.0;pagerank;97.16;0
796.0;pagerank;94.85;0
801.0;pagerank;94.85;0
806.0;pagerank;95.05;0
811.0;pagerank;95.04;0
816.0;pagerank;95.07;0
821.0;pagerank;94.91;0
826.0;pagerank;95.06;0
831.0;pagerank;95.35;0
836.0;pagerank;95.69;0
841.0;pagerank;95.7;0
846.0;pagerank;95.64;0
851.0;pagerank;95.51;0
856.0;pagerank;95.54;0
861.0;pagerank;95.53;0
866.0;pagerank;95.53;0
871.0;pagerank;95.6;0
876.0;pagerank;95.78;0
881.0;pagerank;95.56;0
886.0;pagerank;95.61;0
891.0;pagerank;95.59;0
896.0;pagerank;95.61;0
901.0;pagerank;95.78;0
906.0;pagerank;95.79;0
911.0;pagerank;95.77;0
916.0;pagerank;95.65;0
921.0;pagerank;95.66;0
926.0;pagerank;95.68;0
931.0;pagerank;95.68;0
936.0;pagerank;95.93;0
941.0;pagerank;95.88;0
946.0;pagerank;95.72;0
951.0;pagerank;95.71;0
956.0;pagerank;96.73;0
961.0;pagerank;95.74;0
966.0;pagerank;96.51;0
971.0;pagerank;95.96;0
976.0;pagerank;95.76;0
981.0;pagerank;95.76;0
986.0;pagerank;89.36;0
0.0;pagerank;89.05;1
5.0;pagerank;89.2;1
10.0;pagerank;89.13;1
15.0;pagerank;89.47;1
20.0;pagerank;89.49;1
25.0;pagerank;91.55;1
30.0;pagerank;90.84;1
35.0;pagerank;90.82;1
40.0;pagerank;92.84;1
45.0;pagerank;94.57;1
50.0;pagerank;94.75;1
55.0;pagerank;95.01;1
60.0;pagerank;96.64;1
65.0;pagerank;95.33;1
70.0;pagerank;94.76;1
75.0;pagerank;94.7;1
80.0;pagerank;94.68;1
85.0;pagerank;94.82;1
90.0;pagerank;94.87;1
95.0;pagerank;94.86;1
100.0;pagerank;94.78;1
105.0;pagerank;94.8;1
110.0;pagerank;94.78;1
115.0;pagerank;94.93;1
120.0;pagerank;94.97;1
125.0;pagerank;96.37;1
130.0;pagerank;96.13;1
135.0;pagerank;94.89;1
140.0;pagerank;94.93;1
145.0;pagerank;94.93;1
150.0;pagerank;95.03;1
155.0;pagerank;95.17;1
160.0;pagerank;94.95;1
165.0;pagerank;94.97;1
170.0;pagerank;94.97;1
175.0;pagerank;94.99;1
180.0;pagerank;96.02;1
185.0;pagerank;96.59;1
190.0;pagerank;97.68;1
195.0;pagerank;95.15;1
200.0;pagerank;95.75;1
205.0;pagerank;95.7;1
210.0;pagerank;95.68;1
215.0;pagerank;95.99;1
220.0;pagerank;95.87;1
225.0;pagerank;95.85;1
230.0;pagerank;95.66;1
235.0;pagerank;96.82;1
240.0;pagerank;96.28;1
245.0;pagerank;95.81;1
250.0;pagerank;95.93;1
255.0;pagerank;95.84;1
260.0;pagerank;95.81;1
265.0;pagerank;95.84;1
270.0;pagerank;95.82;1
275.0;pagerank;95.93;1
280.0;pagerank;95.9;1
285.0;pagerank;95.98;1
290.0;pagerank;95.99;1
295.0;pagerank;95.83;1
300.0;pagerank;95.91;1
305.0;pagerank;95.93;1
310.0;pagerank;95.92;1
315.0;pagerank;96.12;1
320.0;pagerank;96.13;1
325.0;pagerank;95.95;1
330.0;pagerank;96.05;1
335.0;pagerank;96.12;1
340.0;pagerank;96.11;1
345.0;pagerank;96.23;1
350.0;pagerank;96.29;1
355.0;pagerank;96.15;1
360.0;pagerank;96.19;1
365.0;pagerank;97.03;1
370.0;pagerank;96.24;1
375.0;pagerank;96.35;1
380.0;pagerank;96.41;1
385.0;pagerank;96.44;1
390.0;pagerank;96.28;1
395.0;pagerank;96.35;1
400.0;pagerank;96.35;1
405.0;pagerank;96.36;1
411.0;pagerank;97.25;1
416.0;pagerank;96.49;1
421.0;pagerank;98.04;1
426.0;pagerank;96.55;1
431.0;pagerank;96.54;1
436.0;pagerank;95.04;1
441.0;pagerank;95.08;1
446.0;pagerank;95.13;1
451.0;pagerank;95.2;1
456.0;pagerank;95.21;1
461.0;pagerank;95.12;1
466.0;pagerank;95.12;1
471.0;pagerank;95.11;1
476.0;pagerank;95.26;1
481.0;pagerank;96.07;1
486.0;pagerank;97.13;1
491.0;pagerank;97.76;1
496.0;pagerank;95.18;1
501.0;pagerank;95.19;1
506.0;pagerank;95.26;1
511.0;pagerank;95.45;1
516.0;pagerank;95.51;1
521.0;pagerank;95.33;1
526.0;pagerank;95.47;1
531.0;pagerank;95.49;1
536.0;pagerank;95.5;1
541.0;pagerank;95.56;1
546.0;pagerank;95.61;1
551.0;pagerank;95.58;1
556.0;pagerank;95.52;1
561.0;pagerank;95.53;1
566.0;pagerank;95.52;1
571.0;pagerank;95.5;1
576.0;pagerank;95.72;1
581.0;pagerank;95.66;1
586.0;pagerank;95.54;1
591.0;pagerank;95.53;1
596.0;pagerank;96.63;1
601.0;pagerank;95.54;1
606.0;pagerank;95.85;1
611.0;pagerank;95.75;1
616.0;pagerank;95.56;1
621.0;pagerank;95.63;1
626.0;pagerank;95.66;1
631.0;pagerank;95.67;1
636.0;pagerank;95.75;1
641.0;pagerank;95.8;1
646.0;pagerank;95.86;1
651.0;pagerank;95.72;1
656.0;pagerank;95.9;1
661.0;pagerank;95.91;1
666.0;pagerank;96.52;1
671.0;pagerank;96.17;1
676.0;pagerank;96.2;1
681.0;pagerank;96.22;1
686.0;pagerank;96.03;1
691.0;pagerank;96.04;1
696.0;pagerank;96.16;1
701.0;pagerank;96.08;1
706.0;pagerank;96.31;1
711.0;pagerank;96.94;1
716.0;pagerank;96.21;1
721.0;pagerank;96.23;1
726.0;pagerank;98.15;1
731.0;pagerank;97.67;1
736.0;pagerank;96.26;1
741.0;pagerank;96.26;1
746.0;pagerank;96.36;1
751.0;pagerank;96.28;1
756.0;pagerank;96.42;1
761.0;pagerank;96.31;1
766.0;pagerank;96.31;1
771.0;pagerank;96.42;1
776.0;pagerank;96.77;1
781.0;pagerank;98.19;1
786.0;pagerank;98.32;1
791.0;pagerank;97.16;1
796.0;pagerank;94.85;1
801.0;pagerank;94.85;1
806.0;pagerank;95.05;1
811.0;pagerank;95.04;1
816.0;pagerank;95.07;1
821.0;pagerank;94.91;1
826.0;pagerank;95.06;1
831.0;pagerank;95.35;1
836.0;pagerank;95.69;1
841.0;pagerank;95.7;1
846.0;pagerank;95.64;1
851.0;pagerank;95.51;1
856.0;pagerank;95.54;1
861.0;pagerank;95.53;1
866.0;pagerank;95.53;1
871.0;pagerank;95.6;1
876.0;pagerank;95.78;1
881.0;pagerank;95.56;1
886.0;pagerank;95.61;1
891.0;pagerank;95.59;1
896.0;pagerank;95.61;1
901.0;pagerank;95.78;1
906.0;pagerank;95.79;1
911.0;pagerank;95.77;1
916.0;pagerank;95.65;1
921.0;pagerank;95.66;1
926.0;pagerank;95.68;1
931.0;pagerank;95.68;1
936.0;pagerank;95.93;1
941.0;pagerank;95.88;1
946.0;pagerank;95.72;1
951.0;pagerank;95.71;1
956.0;pagerank;96.73;1
961.0;pagerank;95.74;1
966.0;pagerank;96.51;1
971.0;pagerank;95.96;1
976.0;pagerank;95.76;1
981.0;pagerank;95.76;1
986.0;pagerank;89.36;1
0.0;pagerank;89.05;2
5.0;pagerank;89.2;2
10.0;pagerank;89.13;2
15.0;pagerank;89.47;2
20.0;pagerank;89.49;2
25.0;pagerank;91.55;2
30.0;pagerank;90.84;2
35.0;pagerank;90.82;2
40.0;pagerank;92.84;2
45.0;pagerank;94.57;2
50.0;pagerank;94.75;2
55.0;pagerank;95.01;2
60.0;pagerank;96.64;2
65.0;pagerank;95.33;2
70.0;pagerank;94.76;2
75.0;pagerank;94.7;2
80.0;pagerank;94.68;2
85.0;pagerank;94.82;2
90.0;pagerank;94.87;2
95.0;pagerank;94.86;2
100.0;pagerank;94.78;2
105.0;pagerank;94.8;2
110.0;pagerank;94.78;2
115.0;pagerank;94.93;2
120.0;pagerank;94.97;2
125.0;pagerank;96.37;2
130.0;pagerank;96.13;2
135.0;pagerank;94.89;2
140.0;pagerank;94.93;2
145.0;pagerank;94.93;2
150.0;pagerank;95.03;2
155.0;pagerank;95.17;2
160.0;pagerank;94.95;2
165.0;pagerank;94.97;2
170.0;pagerank;94.97;2
175.0;pagerank;94.99;2
180.0;pagerank;96.02;2
185.0;pagerank;96.59;2
190.0;pagerank;97.68;2
195.0;pagerank;95.15;2
200.0;pagerank;95.75;2
205.0;pagerank;95.7;2
210.0;pagerank;95.68;2
215.0;pagerank;95.99;2
220.0;pagerank;95.87;2
225.0;pagerank;95.85;2
230.0;pagerank;95.66;2
235.0;pagerank;96.82;2
240.0;pagerank;96.28;2
245.0;pagerank;95.81;2
250.0;pagerank;95.93;2
255.0;pagerank;95.84;2
260.0;pagerank;95.81;2
265.0;pagerank;95.84;2
270.0;pagerank;95.82;2
275.0;pagerank;95.93;2
280.0;pagerank;95.9;2
285.0;pagerank;95.98;2
290.0;pagerank;95.99;2
295.0;pagerank;95.83;2
300.0;pagerank;95.91;2
305.0;pagerank;95.93;2
310.0;pagerank;95.92;2
315.0;pagerank;96.12;2
320.0;pagerank;96.13;2
325.0;pagerank;95.95;2
330.0;pagerank;96.05;2
335.0;pagerank;96.12;2
340.0;pagerank;96.11;2
345.0;pagerank;96.23;2
350.0;pagerank;96.29;2
355.0;pagerank;96.15;2
360.0;pagerank;96.19;2
365.0;pagerank;97.03;2
370.0;pagerank;96.24;2
375.0;pagerank;96.35;2
380.0;pagerank;96.41;2
385.0;pagerank;96.44;2
390.0;pagerank;96.28;2
395.0;pagerank;96.35;2
400.0;pagerank;96.35;2
405.0;pagerank;96.36;2
411.0;pagerank;97.25;2
416.0;pagerank;96.49;2
421.0;pagerank;98.04;2
426.0;pagerank;96.55;2
431.0;pagerank;96.54;2
436.0;pagerank;95.04;2
441.0;pagerank;95.08;2
446.0;pagerank;95.13;2
451.0;pagerank;95.2;2
456.0;pagerank;95.21;2
461.0;pagerank;95.12;2
466.0;pagerank;95.12;2
471.0;pagerank;95.11;2
476.0;pagerank;95.26;2
481.0;pagerank;96.07;2
486.0;pagerank;97.13;2
491.0;pagerank;97.76;2
496.0;pagerank;95.18;2
501.0;pagerank;95.19;2
506.0;pagerank;95.26;2
511.0;pagerank;95.45;2
516.0;pagerank;95.51;2
521.0;pagerank;95.33;2
526.0;pagerank;95.47;2
531.0;pagerank;95.49;2
536.0;pagerank;95.5;2
541.0;pagerank;95.56;2
546.0;pagerank;95.61;2
551.0;pagerank;95.58;2
556.0;pagerank;95.52;2
561.0;pagerank;95.53;2
566.0;pagerank;95.52;2
571.0;pagerank;95.5;2
576.0;pagerank;95.72;2
581.0;pagerank;95.66;2
586.0;pagerank;95.54;2
591.0;pagerank;95.53;2
596.0;pagerank;96.63;2
601.0;pagerank;95.54;2
606.0;pagerank;95.85;2
611.0;pagerank;95.75;2
616.0;pagerank;95.56;2
621.0;pagerank;95.63;2
626.0;pagerank;95.66;2
631.0;pagerank;95.67;2
636.0;pagerank;95.75;2
641.0;pagerank;95.8;2
646.0;pagerank;95.86;2
651.0;pagerank;95.72;2
656.0;pagerank;95.9;2
661.0;pagerank;95.91;2
666.0;pagerank;96.52;2
671.0;pagerank;96.17;2
676.0;pagerank;96.2;2
681.0;pagerank;96.22;2
686.0;pagerank;96.03;2
691.0;pagerank;96.04;2
696.0;pagerank;96.16;2
701.0;pagerank;96.08;2
706.0;pagerank;96.31;2
711.0;pagerank;96.94;2
716.0;pagerank;96.21;2
721.0;pagerank;96.23;2
726.0;pagerank;98.15;2
731.0;pagerank;97.67;2
736.0;pagerank;96.26;2
741.0;pagerank;96.26;2
746.0;pagerank;96.36;2
751.0;pagerank;96.28;2
756.0;pagerank;96.42;2
761.0;pagerank;96.31;2
766.0;pagerank;96.31;2
771.0;pagerank;96.42;2
776.0;pagerank;96.77;2
781.0;pagerank;98.19;2
786.0;pagerank;98.32;2
791.0;pagerank;97.16;2
796.0;pagerank;94.85;2
801.0;pagerank;94.85;2
806.0;pagerank;95.05;2
811.0;pagerank;95.04;2
816.0;pagerank;95.07;2
821.0;pagerank;94.91;2
826.0;pagerank;95.06;2
831.0;pagerank;95.35;2
836.0;pagerank;95.69;2
841.0;pagerank;95.7;2
846.0;pagerank;95.64;2
851.0;pagerank;95.51;2
856.0;pagerank;95.54;2
861.0;pagerank;95.53;2
866.0;pagerank;95.53;2
871.0;pagerank;95.6;2
876.0;pagerank;95.78;2
881.0;pagerank;95.56;2
886.0;pagerank;95.61;2
891.0;pagerank;95.59;2
896.0;pagerank;95.61;2
901.0;pagerank;95.78;2
906.0;pagerank;95.79;2
911.0;pagerank;95.77;2
916.0;pagerank;95.65;2
921.0;pagerank;95.66;2
926.0;pagerank;95.68;2
931.0;pagerank;95.68;2
936.0;pagerank;95.93;2
941.0;pagerank;95.88;2
946.0;pagerank;95.72;2
951.0;pagerank;95.71;2
956.0;pagerank;96.73;2
961.0;pagerank;95.74;2
966.0;pagerank;96.51;2
971.0;pagerank;95.96;2
976.0;pagerank;95.76;2
981.0;pagerank;95.76;2
986.0;pagerank;89.36;2
0.0;pagerank;89.05;3
5.0;pagerank;89.2;3
10.0;pagerank;89.13;3
15.0;pagerank;89.47;3
20.0;pagerank;89.49;3
25.0;pagerank;91.55;3
30.0;pagerank;90.84;3
35.0;pagerank;90.82;3
40.0;pagerank;92.84;3
45.0;pagerank;94.57;3
50.0;pagerank;94.75;3
55.0;pagerank;95.01;3
60.0;pagerank;96.64;3
65.0;pagerank;95.33;3
70.0;pagerank;94.76;3
75.0;pagerank;94.7;3
80.0;pagerank;94.68;3
85.0;pagerank;94.82;3
90.0;pagerank;94.87;3
95.0;pagerank;94.86;3
100.0;pagerank;94.78;3
105.0;pagerank;94.8;3
110.0;pagerank;94.78;3
115.0;pagerank;94.93;3
120.0;pagerank;94.97;3
125.0;pagerank;96.37;3
130.0;pagerank;96.13;3
135.0;pagerank;94.89;3
140.0;pagerank;94.93;3
145.0;pagerank;94.93;3
150.0;pagerank;95.03;3
155.0;pagerank;95.17;3
160.0;pagerank;94.95;3
165.0;pagerank;94.97;3
170.0;pagerank;94.97;3
175.0;pagerank;94.99;3
180.0;pagerank;96.02;3
185.0;pagerank;96.59;3
190.0;pagerank;97.68;3
195.0;pagerank;95.15;3
200.0;pagerank;95.75;3
205.0;pagerank;95.7;3
210.0;pagerank;95.68;3
215.0;pagerank;95.99;3
220.0;pagerank;95.87;3
225.0;pagerank;95.85;3
230.0;pagerank;95.66;3
235.0;pagerank;96.82;3
240.0;pagerank;96.28;3
245.0;pagerank;95.81;3
250.0;pagerank;95.93;3
255.0;pagerank;95.84;3
260.0;pagerank;95.81;3
265.0;pagerank;95.84;3
270.0;pagerank;95.82;3
275.0;pagerank;95.93;3
280.0;pagerank;95.9;3
285.0;pagerank;95.98;3
290.0;pagerank;95.99;3
295.0;pagerank;95.83;3
300.0;pagerank;95.91;3
305.0;pagerank;95.93;3
310.0;pagerank;95.92;3
315.0;pagerank;96.12;3
320.0;pagerank;96.13;3
325.0;pagerank;95.95;3
330.0;pagerank;96.05;3
335.0;pagerank;96.12;3
340.0;pagerank;96.11;3
345.0;pagerank;96.23;3
350.0;pagerank;96.29;3
355.0;pagerank;96.15;3
360.0;pagerank;96.19;3
365.0;pagerank;97.03;3
370.0;pagerank;96.24;3
375.0;pagerank;96.35;3
380.0;pagerank;96.41;3
385.0;pagerank;96.44;3
390.0;pagerank;96.28;3
395.0;pagerank;96.35;3
400.0;pagerank;96.35;3
405.0;pagerank;96.36;3
411.0;pagerank;97.25;3
416.0;pagerank;96.49;3
421.0;pagerank;98.04;3
426.0;pagerank;96.55;3
431.0;pagerank;96.54;3
436.0;pagerank;95.04;3
441.0;pagerank;95.08;3
446.0;pagerank;95.13;3
451.0;pagerank;95.2;3
456.0;pagerank;95.21;3
461.0;pagerank;95.12;3
466.0;pagerank;95.12;3
471.0;pagerank;95.11;3
476.0;pagerank;95.26;3
481.0;pagerank;96.07;3
486.0;pagerank;97.13;3
491.0;pagerank;97.76;3
496.0;pagerank;95.18;3
501.0;pagerank;95.19;3
506.0;pagerank;95.26;3
511.0;pagerank;95.45;3
516.0;pagerank;95.51;3
521.0;pagerank;95.33;3
526.0;pagerank;95.47;3
531.0;pagerank;95.49;3
536.0;pagerank;95.5;3
541.0;pagerank;95.56;3
546.0;pagerank;95.61;3
551.0;pagerank;95.58;3
556.0;pagerank;95.52;3
561.0;pagerank;95.53;3
566.0;pagerank;95.52;3
571.0;pagerank;95.5;3
576.0;pagerank;95.72;3
581.0;pagerank;95.66;3
586.0;pagerank;95.54;3
591.0;pagerank;95.53;3
596.0;pagerank;96.63;3
601.0;pagerank;95.54;3
606.0;pagerank;95.85;3
611.0;pagerank;95.75;3
616.0;pagerank;95.56;3
621.0;pagerank;95.63;3
626.0;pagerank;95.66;3
631.0;pagerank;95.67;3
636.0;pagerank;95.75;3
641.0;pagerank;95.8;3
646.0;pagerank;95.86;3
651.0;pagerank;95.72;3
656.0;pagerank;95.9;3
661.0;pagerank;95.91;3
666.0;pagerank;96.52;3
671.0;pagerank;96.17;3
676.0;pagerank;96.2;3
681.0;pagerank;96.22;3
686.0;pagerank;96.03;3
691.0;pagerank;96.04;3
696.0;pagerank;96.16;3
701.0;pagerank;96.08;3
706.0;pagerank;96.31;3
711.0;pagerank;96.94;3
716.0;pagerank;96.21;3
721.0;pagerank;96.23;3
726.0;pagerank;98.15;3
731.0;pagerank;97.67;3
736.0;pagerank;96.26;3
741.0;pagerank;96.26;3
746.0;pagerank;96.36;3
751.0;pagerank;96.28;3
756.0;pagerank;96.42;3
761.0;pagerank;96.31;3
766.0;pagerank;96.31;3
771.0;pagerank;96.42;3
776.0;pagerank;96.77;3
781.0;pagerank;98.19;3
786.0;pagerank;98.32;3
791.0;pagerank;97.16;3
796.0;pagerank;94.85;3
801.0;pagerank;94.85;3
806.0;pagerank;95.05;3
811.0;pagerank;95.04;3
816.0;pagerank;95.07;3
821.0;pagerank;94.91;3
826.0;pagerank;95.06;3
831.0;pagerank;95.35;3
836.0;pagerank;95.69;3
841.0;pagerank;95.7;3
846.0;pagerank;95.64;3
851.0;pagerank;95.51;3
856.0;pagerank;95.54;3
861.0;pagerank;95.53;3
866.0;pagerank;95.53;3
871.0;pagerank;95.6;3
876.0;pagerank;95.78;3
881.0;pagerank;95.56;3
886.0;pagerank;95.61;3
891.0;pagerank;95.59;3
896.0;pagerank;95.61;3
901.0;pagerank;95.78;3
906.0;pagerank;95.79;3
911.0;pagerank;95.77;3
916.0;pagerank;95.65;3
921.0;pagerank;95.66;3
926.0;pagerank;95.68;3
931.0;pagerank;95.68;3
936.0;pagerank;95.93;3
941.0;pagerank;95.88;3
946.0;pagerank;95.72;3
951.0;pagerank;95.71;3
956.0;pagerank;96.73;3
961.0;pagerank;95.74;3
966.0;pagerank;96.51;3
971.0;pagerank;95.96;3
976.0;pagerank;95.76;3
981.0;pagerank;95.76;3
986.0;pagerank;89.36;3
0.0;pagerank;89.05;4
5.0;pagerank;89.2;4
10.0;pagerank;89.13;4
15.0;pagerank;89.47;4
20.0;pagerank;89.49;4
25.0;pagerank;91.55;4
30.0;pagerank;90.84;4
35.0;pagerank;90.82;4
40.0;pagerank;92.84;4
45.0;pagerank;94.57;4
50.0;pagerank;94.75;4
55.0;pagerank;95.01;4
60.0;pagerank;96.64;4
65.0;pagerank;95.33;4
70.0;pagerank;94.76;4
75.0;pagerank;94.7;4
80.0;pagerank;94.68;4
85.0;pagerank;94.82;4
90.0;pagerank;94.87;4
95.0;pagerank;94.86;4
100.0;pagerank;94.78;4
105.0;pagerank;94.8;4
110.0;pagerank;94.78;4
115.0;pagerank;94.93;4
120.0;pagerank;94.97;4
125.0;pagerank;96.37;4
130.0;pagerank;96.13;4
135.0;pagerank;94.89;4
140.0;pagerank;94.93;4
145.0;pagerank;94.93;4
150.0;pagerank;95.03;4
155.0;pagerank;95.17;4
160.0;pagerank;94.95;4
165.0;pagerank;94.97;4
170.0;pagerank;94.97;4
175.0;pagerank;94.99;4
180.0;pagerank;96.02;4
185.0;pagerank;96.59;4
190.0;pagerank;97.68;4
195.0;pagerank;95.15;4
200.0;pagerank;95.75;4
205.0;pagerank;95.7;4
210.0;pagerank;95.68;4
215.0;pagerank;95.99;4
220.0;pagerank;95.87;4
225.0;pagerank;95.85;4
230.0;pagerank;95.66;4
235.0;pagerank;96.82;4
240.0;pagerank;96.28;4
245.0;pagerank;95.81;4
250.0;pagerank;95.93;4
255.0;pagerank;95.84;4
260.0;pagerank;95.81;4
265.0;pagerank;95.84;4
270.0;pagerank;95.82;4
275.0;pagerank;95.93;4
280.0;pagerank;95.9;4
285.0;pagerank;95.98;4
290.0;pagerank;95.99;4
295.0;pagerank;95.83;4
300.0;pagerank;95.91;4
305.0;pagerank;95.93;4
310.0;pagerank;95.92;4
315.0;pagerank;96.12;4
320.0;pagerank;96.13;4
325.0;pagerank;95.95;4
330.0;pagerank;96.05;4
335.0;pagerank;96.12;4
340.0;pagerank;96.11;4
345.0;pagerank;96.23;4
350.0;pagerank;96.29;4
355.0;pagerank;96.15;4
360.0;pagerank;96.19;4
365.0;pagerank;97.03;4
370.0;pagerank;96.24;4
375.0;pagerank;96.35;4
380.0;pagerank;96.41;4
385.0;pagerank;96.44;4
390.0;pagerank;96.28;4
395.0;pagerank;96.35;4
400.0;pagerank;96.35;4
405.0;pagerank;96.36;4
411.0;pagerank;97.25;4
416.0;pagerank;96.49;4
421.0;pagerank;98.04;4
426.0;pagerank;96.55;4
431.0;pagerank;96.54;4
436.0;pagerank;95.04;4
441.0;pagerank;95.08;4
446.0;pagerank;95.13;4
451.0;pagerank;95.2;4
456.0;pagerank;95.21;4
461.0;pagerank;95.12;4
466.0;pagerank;95.12;4
471.0;pagerank;95.11;4
476.0;pagerank;95.26;4
481.0;pagerank;96.07;4
486.0;pagerank;97.13;4
491.0;pagerank;97.76;4
496.0;pagerank;95.18;4
501.0;pagerank;95.19;4
506.0;pagerank;95.26;4
511.0;pagerank;95.45;4
516.0;pagerank;95.51;4
521.0;pagerank;95.33;4
526.0;pagerank;95.47;4
531.0;pagerank;95.49;4
536.0;pagerank;95.5;4
541.0;pagerank;95.56;4
546.0;pagerank;95.61;4
551.0;pagerank;95.58;4
556.0;pagerank;95.52;4
561.0;pagerank;95.53;4
566.0;pagerank;95.52;4
571.0;pagerank;95.5;4
576.0;pagerank;95.72;4
581.0;pagerank;95.66;4
586.0;pagerank;95.54;4
591.0;pagerank;95.53;4
596.0;pagerank;96.63;4
601.0;pagerank;95.54;4
606.0;pagerank;95.85;4
611.0;pagerank;95.75;4
616.0;pagerank;95.56;4
621.0;pagerank;95.63;4
626.0;pagerank;95.66;4
631.0;pagerank;95.67;4
636.0;pagerank;95.75;4
641.0;pagerank;95.8;4
646.0;pagerank;95.86;4
651.0;pagerank;95.72;4
656.0;pagerank;95.9;4
661.0;pagerank;95.91;4
666.0;pagerank;96.52;4
671.0;pagerank;96.17;4
676.0;pagerank;96.2;4
681.0;pagerank;96.22;4
686.0;pagerank;96.03;4
691.0;pagerank;96.04;4
696.0;pagerank;96.16;4
701.0;pagerank;96.08;4
706.0;pagerank;96.31;4
711.0;pagerank;96.94;4
716.0;pagerank;96.21;4
721.0;pagerank;96.23;4
726.0;pagerank;98.15;4
731.0;pagerank;97.67;4
736.0;pagerank;96.26;4
741.0;pagerank;96.26;4
746.0;pagerank;96.36;4
751.0;pagerank;96.28;4
756.0;pagerank;96.42;4
761.0;pagerank;96.31;4
766.0;pagerank;96.31;4
771.0;pagerank;96.42;4
776.0;pagerank;96.77;4
781.0;pagerank;98.19;4
786.0;pagerank;98.32;4
791.0;pagerank;97.16;4
796.0;pagerank;94.85;4
801.0;pagerank;94.85;4
806.0;pagerank;95.05;4
811.0;pagerank;95.04;4
816.0;pagerank;95.07;4
821.0;pagerank;94.91;4
826.0;pagerank;95.06;4
831.0;pagerank;95.35;4
836.0;pagerank;95.69;4
841.0;pagerank;95.7;4
846.0;pagerank;95.64;4
851.0;pagerank;95.51;4
856.0;pagerank;95.54;4
861.0;pagerank;95.53;4
866.0;pagerank;95.53;4
871.0;pagerank;95.6;4
876.0;pagerank;95.78;4
881.0;pagerank;95.56;4
886.0;pagerank;95.61;4
891.0;pagerank;95.59;4
896.0;pagerank;95.61;4
901.0;pagerank;95.78;4
906.0;pagerank;95.79;4
911.0;pagerank;95.77;4
916.0;pagerank;95.65;4
921.0;pagerank;95.66;4
926.0;pagerank;95.68;4
931.0;pagerank;95.68;4
936.0;pagerank;95.93;4
941.0;pagerank;95.88;4
946.0;pagerank;95.72;4
951.0;pagerank;95.71;4
956.0;pagerank;96.73;4
961.0;pagerank;95.74;4
966.0;pagerank;96.51;4
971.0;pagerank;95.96;4
976.0;pagerank;95.76;4
981.0;pagerank;95.76;4
986.0;pagerank;89.36;4
0.0;pagerank;89.05;5
5.0;pagerank;89.2;5
10.0;pagerank;89.13;5
15.0;pagerank;89.47;5
20.0;pagerank;89.49;5
25.0;pagerank;91.55;5
30.0;pagerank;90.84;5
35.0;pagerank;90.82;5
40.0;pagerank;92.84;5
45.0;pagerank;94.57;5
50.0;pagerank;94.75;5
55.0;pagerank;95.01;5
60.0;pagerank;96.64;5
65.0;pagerank;95.33;5
70.0;pagerank;94.76;5
75.0;pagerank;94.7;5
80.0;pagerank;94.68;5
85.0;pagerank;94.82;5
90.0;pagerank;94.87;5
95.0;pagerank;94.86;5
100.0;pagerank;94.78;5
105.0;pagerank;94.8;5
110.0;pagerank;94.78;5
115.0;pagerank;94.93;5
120.0;pagerank;94.97;5
125.0;pagerank;96.37;5
130.0;pagerank;96.13;5
135.0;pagerank;94.89;5
140.0;pagerank;94.93;5
145.0;pagerank;94.93;5
150.0;pagerank;95.03;5
155.0;pagerank;95.17;5
160.0;pagerank;94.95;5
165.0;pagerank;94.97;5
170.0;pagerank;94.97;5
175.0;pagerank;94.99;5
180.0;pagerank;96.02;5
185.0;pagerank;96.59;5
190.0;pagerank;97.68;5
195.0;pagerank;95.15;5
200.0;pagerank;95.75;5
205.0;pagerank;95.7;5
210.0;pagerank;95.68;5
215.0;pagerank;95.99;5
220.0;pagerank;95.87;5
225.0;pagerank;95.85;5
230.0;pagerank;95.66;5
235.0;pagerank;96.82;5
240.0;pagerank;96.28;5
245.0;pagerank;95.81;5
250.0;pagerank;95.93;5
255.0;pagerank;95.84;5
260.0;pagerank;95.81;5
265.0;pagerank;95.84;5
270.0;pagerank;95.82;5
275.0;pagerank;95.93;5
280.0;pagerank;95.9;5
285.0;pagerank;95.98;5
290.0;pagerank;95.99;5
295.0;pagerank;95.83;5
300.0;pagerank;95.91;5
305.0;pagerank;95.93;5
310.0;pagerank;95.92;5
315.0;pagerank;96.12;5
320.0;pagerank;96.13;5
325.0;pagerank;95.95;5
330.0;pagerank;96.05;5
335.0;pagerank;96.12;5
340.0;pagerank;96.11;5
345.0;pagerank;96.23;5
350.0;pagerank;96.29;5
355.0;pagerank;96.15;5
360.0;pagerank;96.19;5
365.0;pagerank;97.03;5
370.0;pagerank;96.24;5
375.0;pagerank;96.35;5
380.0;pagerank;96.41;5
385.0;pagerank;96.44;5
390.0;pagerank;96.28;5
395.0;pagerank;96.35;5
400.0;pagerank;96.35;5
405.0;pagerank;96.36;5
411.0;pagerank;97.25;5
416.0;pagerank;96.49;5
421.0;pagerank;98.04;5
426.0;pagerank;96.55;5
431.0;pagerank;96.54;5
436.0;pagerank;95.04;5
441.0;pagerank;95.08;5
446.0;pagerank;95.13;5
451.0;pagerank;95.2;5
456.0;pagerank;95.21;5
461.0;pagerank;95.12;5
466.0;pagerank;95.12;5
471.0;pagerank;95.11;5
476.0;pagerank;95.26;5
481.0;pagerank;96.07;5
486.0;pagerank;97.13;5
491.0;pagerank;97.76;5
496.0;pagerank;95.18;5
501.0;pagerank;95.19;5
506.0;pagerank;95.26;5
511.0;pagerank;95.45;5
516.0;pagerank;95.51;5
521.0;pagerank;95.33;5
526.0;pagerank;95.47;5
531.0;pagerank;95.49;5
536.0;pagerank;95.5;5
541.0;pagerank;95.56;5
546.0;pagerank;95.61;5
551.0;pagerank;95.58;5
556.0;pagerank;95.52;5
561.0;pagerank;95.53;5
566.0;pagerank;95.52;5
571.0;pagerank;95.5;5
576.0;pagerank;95.72;5
581.0;pagerank;95.66;5
586.0;pagerank;95.54;5
591.0;pagerank;95.53;5
596.0;pagerank;96.63;5
601.0;pagerank;95.54;5
606.0;pagerank;95.85;5
611.0;pagerank;95.75;5
616.0;pagerank;95.56;5
621.0;pagerank;95.63;5
626.0;pagerank;95.66;5
631.0;pagerank;95.67;5
636.0;pagerank;95.75;5
641.0;pagerank;95.8;5
646.0;pagerank;95.86;5
651.0;pagerank;95.72;5
656.0;pagerank;95.9;5
661.0;pagerank;95.91;5
666.0;pagerank;96.52;5
671.0;pagerank;96.17;5
676.0;pagerank;96.2;5
681.0;pagerank;96.22;5
686.0;pagerank;96.03;5
691.0;pagerank;96.04;5
696.0;pagerank;96.16;5
701.0;pagerank;96.08;5
706.0;pagerank;96.31;5
711.0;pagerank;96.94;5
716.0;pagerank;96.21;5
721.0;pagerank;96.23;5
726.0;pagerank;98.15;5
731.0;pagerank;97.67;5
736.0;pagerank;96.26;5
741.0;pagerank;96.26;5
746.0;pagerank;96.36;5
751.0;pagerank;96.28;5
756.0;pagerank;96.42;5
761.0;pagerank;96.31;5
766.0;pagerank;96.31;5
771.0;pagerank;96.42;5
776.0;pagerank;96.77;5
781.0;pagerank;98.19;5
786.0;pagerank;98.32;5
791.0;pagerank;97.16;5
796.0;pagerank;94.85;5
801.0;pagerank;94.85;5
806.0;pagerank;95.05;5
811.0;pagerank;95.04;5
816.0;pagerank;95.07;5
821.0;pagerank;94.91;5
826.0;pagerank;95.06;5
831.0;pagerank;95.35;5
836.0;pagerank;95.69;5
841.0;pagerank;95.7;5
846.0;pagerank;95.64;5
851.0;pagerank;95.51;5
856.0;pagerank;95.54;5
861.0;pagerank;95.53;5
866.0;pagerank;95.53;5
871.0;pagerank;95.6;5
876.0;pagerank;95.78;5
881.0;pagerank;95.56;5
886.0;pagerank;95.61;5
891.0;pagerank;95.59;5
896.0;pagerank;95.61;5
901.0;pagerank;95.78;5
906.0;pagerank;95.79;5
911.0;pagerank;95.77;5
916.0;pagerank;95.65;5
921.0;pagerank;95.66;5
926.0;pagerank;95.68;5
931.0;pagerank;95.68;5
936.0;pagerank;95.93;5
941.0;pagerank;95.88;5
946.0;pagerank;95.72;5
951.0;pagerank;95.71;5
956.0;pagerank;96.73;5
961.0;pagerank;95.74;5
966.0;pagerank;96.51;5
971.0;pagerank;95.96;5
976.0;pagerank;95.76;5
981.0;pagerank;95.76;5
986.0;pagerank;89.36;5
0.0;pagerank;89.05;6
5.0;pagerank;89.2;6
10.0;pagerank;89.13;6
15.0;pagerank;89.47;6
20.0;pagerank;89.49;6
25.0;pagerank;91.55;6
30.0;pagerank;90.84;6
35.0;pagerank;90.82;6
40.0;pagerank;92.84;6
45.0;pagerank;94.57;6
50.0;pagerank;94.75;6
55.0;pagerank;95.01;6
60.0;pagerank;96.64;6
65.0;pagerank;95.33;6
70.0;pagerank;94.76;6
75.0;pagerank;94.7;6
80.0;pagerank;94.68;6
85.0;pagerank;94.82;6
90.0;pagerank;94.87;6
95.0;pagerank;94.86;6
100.0;pagerank;94.78;6
105.0;pagerank;94.8;6
110.0;pagerank;94.78;6
115.0;pagerank;94.93;6
120.0;pagerank;94.97;6
125.0;pagerank;96.37;6
130.0;pagerank;96.13;6
135.0;pagerank;94.89;6
140.0;pagerank;94.93;6
145.0;pagerank;94.93;6
150.0;pagerank;95.03;6
155.0;pagerank;95.17;6
160.0;pagerank;94.95;6
165.0;pagerank;94.97;6
170.0;pagerank;94.97;6
175.0;pagerank;94.99;6
180.0;pagerank;96.02;6
185.0;pagerank;96.59;6
190.0;pagerank;97.68;6
195.0;pagerank;95.15;6
200.0;pagerank;95.75;6
205.0;pagerank;95.7;6
210.0;pagerank;95.68;6
215.0;pagerank;95.99;6
220.0;pagerank;95.87;6
225.0;pagerank;95.85;6
230.0;pagerank;95.66;6
235.0;pagerank;96.82;6
240.0;pagerank;96.28;6
245.0;pagerank;95.81;6
250.0;pagerank;95.93;6
255.0;pagerank;95.84;6
260.0;pagerank;95.81;6
265.0;pagerank;95.84;6
270.0;pagerank;95.82;6
275.0;pagerank;95.93;6
280.0;pagerank;95.9;6
285.0;pagerank;95.98;6
290.0;pagerank;95.99;6
295.0;pagerank;95.83;6
300.0;pagerank;95.91;6
305.0;pagerank;95.93;6
310.0;pagerank;95.92;6
315.0;pagerank;96.12;6
320.0;pagerank;96.13;6
325.0;pagerank;95.95;6
330.0;pagerank;96.05;6
335.0;pagerank;96.12;6
340.0;pagerank;96.11;6
345.0;pagerank;96.23;6
350.0;pagerank;96.29;6
355.0;pagerank;96.15;6
360.0;pagerank;96.19;6
365.0;pagerank;97.03;6
370.0;pagerank;96.24;6
375.0;pagerank;96.35;6
380.0;pagerank;96.41;6
385.0;pagerank;96.44;6
390.0;pagerank;96.28;6
395.0;pagerank;96.35;6
400.0;pagerank;96.35;6
405.0;pagerank;96.36;6
411.0;pagerank;97.25;6
416.0;pagerank;96.49;6
421.0;pagerank;98.04;6
426.0;pagerank;96.55;6
431.0;pagerank;96.54;6
436.0;pagerank;95.04;6
441.0;pagerank;95.08;6
446.0;pagerank;95.13;6
451.0;pagerank;95.2;6
456.0;pagerank;95.21;6
461.0;pagerank;95.12;6
466.0;pagerank;95.12;6
471.0;pagerank;95.11;6
476.0;pagerank;95.26;6
481.0;pagerank;96.07;6
486.0;pagerank;97.13;6
491.0;pagerank;97.76;6
496.0;pagerank;95.18;6
501.0;pagerank;95.19;6
506.0;pagerank;95.26;6
511.0;pagerank;95.45;6
516.0;pagerank;95.51;6
521.0;pagerank;95.33;6
526.0;pagerank;95.47;6
531.0;pagerank;95.49;6
536.0;pagerank;95.5;6
541.0;pagerank;95.56;6
546.0;pagerank;95.61;6
551.0;pagerank;95.58;6
556.0;pagerank;95.52;6
561.0;pagerank;95.53;6
566.0;pagerank;95.52;6
571.0;pagerank;95.5;6
576.0;pagerank;95.72;6
581.0;pagerank;95.66;6
586.0;pagerank;95.54;6
591.0;pagerank;95.53;6
596.0;pagerank;96.63;6
601.0;pagerank;95.54;6
606.0;pagerank;95.85;6
611.0;pagerank;95.75;6
616.0;pagerank;95.56;6
621.0;pagerank;95.63;6
626.0;pagerank;95.66;6
631.0;pagerank;95.67;6
636.0;pagerank;95.75;6
641.0;pagerank;95.8;6
646.0;pagerank;95.86;6
651.0;pagerank;95.72;6
656.0;pagerank;95.9;6
661.0;pagerank;95.91;6
666.0;pagerank;96.52;6
671.0;pagerank;96.17;6
676.0;pagerank;96.2;6
681.0;pagerank;96.22;6
686.0;pagerank;96.03;6
691.0;pagerank;96.04;6
696.0;pagerank;96.16;6
701.0;pagerank;96.08;6
706.0;pagerank;96.31;6
711.0;pagerank;96.94;6
716.0;pagerank;96.21;6
721.0;pagerank;96.23;6
726.0;pagerank;98.15;6
731.0;pagerank;97.67;6
736.0;pagerank;96.26;6
741.0;pagerank;96.26;6
746.0;pagerank;96.36;6
751.0;pagerank;96.28;6
756.0;pagerank;96.42;6
761.0;pagerank;96.31;6
766.0;pagerank;96.31;6
771.0;pagerank;96.42;6
776.0;pagerank;96.77;6
781.0;pagerank;98.19;6
786.0;pagerank;98.32;6
791.0;pagerank;97.16;6
796.0;pagerank;94.85;6
801.0;pagerank;94.85;6
806.0;pagerank;95.05;6
811.0;pagerank;95.04;6
816.0;pagerank;95.07;6
821.0;pagerank;94.91;6
826.0;pagerank;95.06;6
831.0;pagerank;95.35;6
836.0;pagerank;95.69;6
841.0;pagerank;95.7;6
846.0;pagerank;95.64;6
851.0;pagerank;95.51;6
856.0;pagerank;95.54;6
861.0;pagerank;95.53;6
866.0;pagerank;95.53;6
871.0;pagerank;95.6;6
876.0;pagerank;95.78;6
881.0;pagerank;95.56;6
886.0;pagerank;95.61;6
891.0;pagerank;95.59;6
896.0;pagerank;95.61;6
901.0;pagerank;95.78;6
906.0;pagerank;95.79;6
911.0;pagerank;95.77;6
916.0;pagerank;95.65;6
921.0;pagerank;95.66;6
926.0;pagerank;95.68;6
931.0;pagerank;95.68;6
936.0;pagerank;95.93;6
941.0;pagerank;95.88;6
946.0;pagerank;95.72;6
951.0;pagerank;95.71;6
956.0;pagerank;96.73;6
961.0;pagerank;95.74;6
966.0;pagerank;96.51;6
971.0;pagerank;95.96;6
976.0;pagerank;95.76;6
981.0;pagerank;95.76;6
986.0;pagerank;89.36;6
0.0;pagerank;89.05;7
5.0;pagerank;89.2;7
10.0;pagerank;89.13;7
15.0;pagerank;89.47;7
20.0;pagerank;89.49;7
25.0;pagerank;91.55;7
30.0;pagerank;90.84;7
35.0;pagerank;90.82;7
40.0;pagerank;92.84;7
45.0;pagerank;94.57;7
50.0;pagerank;94.75;7
55.0;pagerank;95.01;7
60.0;pagerank;96.64;7
65.0;pagerank;95.33;7
70.0;pagerank;94.76;7
75.0;pagerank;94.7;7
80.0;pagerank;94.68;7
85.0;pagerank;94.82;7
90.0;pagerank;94.87;7
95.0;pagerank;94.86;7
100.0;pagerank;94.78;7
105.0;pagerank;94.8;7
110.0;pagerank;94.78;7
115.0;pagerank;94.93;7
120.0;pagerank;94.97;7
125.0;pagerank;96.37;7
130.0;pagerank;96.13;7
135.0;pagerank;94.89;7
140.0;pagerank;94.93;7
145.0;pagerank;94.93;7
150.0;pagerank;95.03;7
155.0;pagerank;95.17;7
160.0;pagerank;94.95;7
165.0;pagerank;94.97;7
170.0;pagerank;94.97;7
175.0;pagerank;94.99;7
180.0;pagerank;96.02;7
185.0;pagerank;96.59;7
190.0;pagerank;97.68;7
195.0;pagerank;95.15;7
200.0;pagerank;95.75;7
205.0;pagerank;95.7;7
210.0;pagerank;95.68;7
215.0;pagerank;95.99;7
220.0;pagerank;95.87;7
225.0;pagerank;95.85;7
230.0;pagerank;95.66;7
235.0;pagerank;96.82;7
240.0;pagerank;96.28;7
245.0;pagerank;95.81;7
250.0;pagerank;95.93;7
255.0;pagerank;95.84;7
260.0;pagerank;95.81;7
265.0;pagerank;95.84;7
270.0;pagerank;95.82;7
275.0;pagerank;95.93;7
280.0;pagerank;95.9;7
285.0;pagerank;95.98;7
290.0;pagerank;95.99;7
295.0;pagerank;95.83;7
300.0;pagerank;95.91;7
305.0;pagerank;95.93;7
310.0;pagerank;95.92;7
315.0;pagerank;96.12;7
320.0;pagerank;96.13;7
325.0;pagerank;95.95;7
330.0;pagerank;96.05;7
335.0;pagerank;96.12;7
340.0;pagerank;96.11;7
345.0;pagerank;96.23;7
350.0;pagerank;96.29;7
355.0;pagerank;96.15;7
360.0;pagerank;96.19;7
365.0;pagerank;97.03;7
370.0;pagerank;96.24;7
375.0;pagerank;96.35;7
380.0;pagerank;96.41;7
385.0;pagerank;96.44;7
390.0;pagerank;96.28;7
395.0;pagerank;96.35;7
400.0;pagerank;96.35;7
405.0;pagerank;96.36;7
411.0;pagerank;97.25;7
416.0;pagerank;96.49;7
421.0;pagerank;98.04;7
426.0;pagerank;96.55;7
431.0;pagerank;96.54;7
436.0;pagerank;95.04;7
441.0;pagerank;95.08;7
446.0;pagerank;95.13;7
451.0;pagerank;95.2;7
456.0;pagerank;95.21;7
461.0;pagerank;95.12;7
466.0;pagerank;95.12;7
471.0;pagerank;95.11;7
476.0;pagerank;95.26;7
481.0;pagerank;96.07;7
486.0;pagerank;97.13;7
491.0;pagerank;97.76;7
496.0;pagerank;95.18;7
501.0;pagerank;95.19;7
506.0;pagerank;95.26;7
511.0;pagerank;95.45;7
516.0;pagerank;95.51;7
521.0;pagerank;95.33;7
526.0;pagerank;95.47;7
531.0;pagerank;95.49;7
536.0;pagerank;95.5;7
541.0;pagerank;95.56;7
546.0;pagerank;95.61;7
551.0;pagerank;95.58;7
556.0;pagerank;95.52;7
561.0;pagerank;95.53;7
566.0;pagerank;95.52;7
571.0;pagerank;95.5;7
576.0;pagerank;95.72;7
581.0;pagerank;95.66;7
586.0;pagerank;95.54;7
591.0;pagerank;95.53;7
596.0;pagerank;96.63;7
601.0;pagerank;95.54;7
606.0;pagerank;95.85;7
611.0;pagerank;95.75;7
616.0;pagerank;95.56;7
621.0;pagerank;95.63;7
626.0;pagerank;95.66;7
631.0;pagerank;95.67;7
636.0;pagerank;95.75;7
641.0;pagerank;95.8;7
646.0;pagerank;95.86;7
651.0;pagerank;95.72;7
656.0;pagerank;95.9;7
661.0;pagerank;95.91;7
666.0;pagerank;96.52;7
671.0;pagerank;96.17;7
676.0;pagerank;96.2;7
681.0;pagerank;96.22;7
686.0;pagerank;96.03;7
691.0;pagerank;96.04;7
696.0;pagerank;96.16;7
701.0;pagerank;96.08;7
706.0;pagerank;96.31;7
711.0;pagerank;96.94;7
716.0;pagerank;96.21;7
721.0;pagerank;96.23;7
726.0;pagerank;98.15;7
731.0;pagerank;97.67;7
736.0;pagerank;96.26;7
741.0;pagerank;96.26;7
746.0;pagerank;96.36;7
751.0;pagerank;96.28;7
756.0;pagerank;96.42;7
761.0;pagerank;96.31;7
766.0;pagerank;96.31;7
771.0;pagerank;96.42;7
776.0;pagerank;96.77;7
781.0;pagerank;98.19;7
786.0;pagerank;98.32;7
791.0;pagerank;97.16;7
796.0;pagerank;94.85;7
801.0;pagerank;94.85;7
806.0;pagerank;95.05;7
811.0;pagerank;95.04;7
816.0;pagerank;95.07;7
821.0;pagerank;94.91;7
826.0;pagerank;95.06;7
831.0;pagerank;95.35;7
836.0;pagerank;95.69;7
841.0;pagerank;95.7;7
846.0;pagerank;95.64;7
851.0;pagerank;95.51;7
856.0;pagerank;95.54;7
861.0;pagerank;95.53;7
866.0;pagerank;95.53;7
871.0;pagerank;95.6;7
876.0;pagerank;95.78;7
881.0;pagerank;95.56;7
886.0;pagerank;95.61;7
891.0;pagerank;95.59;7
896.0;pagerank;95.61;7
901.0;pagerank;95.78;7
906.0;pagerank;95.79;7
911.0;pagerank;95.77;7
916.0;pagerank;95.65;7
921.0;pagerank;95.66;7
926.0;pagerank;95.68;7
931.0;pagerank;95.68;7
936.0;pagerank;95.93;7
941.0;pagerank;95.88;7
946.0;pagerank;95.72;7
951.0;pagerank;95.71;7
956.0;pagerank;96.73;7
961.0;pagerank;95.74;7
966.0;pagerank;96.51;7
971.0;pagerank;95.96;7
976.0;pagerank;95.76;7
981.0;pagerank;95.76;7
986.0;pagerank;89.36;7
0.0;terasort;93.24;0
5.0;terasort;93.3;0
10.0;terasort;93.37;0
15.0;terasort;93.39;0
20.0;terasort;94.6;0
25.0;terasort;95.07;0
30.0;terasort;94.79;0
35.0;terasort;94.01;0
40.0;terasort;96.18;0
45.0;terasort;97.86;0
50.0;terasort;98.24;0
55.0;terasort;97.54;0
60.0;terasort;97.33;0
65.0;terasort;98.29;0
70.0;terasort;97.38;0
75.0;terasort;97.36;0
80.0;terasort;98.16;0
85.0;terasort;98.24;0
90.0;terasort;96.07;0
95.0;terasort;96.07;0
100.0;terasort;96.1;0
105.0;terasort;96.01;0
110.0;terasort;96.15;0
115.0;terasort;96.25;0
120.0;terasort;96.28;0
125.0;terasort;96.42;0
130.0;terasort;97.04;0
135.0;terasort;98.27;0
140.0;terasort;98.06;0
145.0;terasort;97.02;0
150.0;terasort;94.58;0
155.0;terasort;94.69;0
160.0;terasort;94.88;0
165.0;terasort;94.93;0
170.0;terasort;95.06;0
175.0;terasort;94.81;0
180.0;terasort;94.94;0
185.0;terasort;94.95;0
190.0;terasort;95.27;0
195.0;terasort;95.29;0
200.0;terasort;95.15;0
205.0;terasort;95.14;0
210.0;terasort;95.09;0
215.0;terasort;95.14;0
220.0;terasort;95.33;0
225.0;terasort;95.12;0
230.0;terasort;95.25;0
235.0;terasort;95.16;0
240.0;terasort;95.16;0
245.0;terasort;95.18;0
250.0;terasort;95.22;0
0.0;terasort;93.24;1
5.0;terasort;93.3;1
10.0;terasort;93.37;1
15.0;terasort;93.39;1
20.0;terasort;94.6;1
25.0;terasort;95.07;1
30.0;terasort;94.79;1
35.0;terasort;94.01;1
40.0;terasort;96.18;1
45.0;terasort;97.86;1
50.0;terasort;98.24;1
55.0;terasort;97.54;1
60.0;terasort;97.33;1
65.0;terasort;98.29;1
70.0;terasort;97.38;1
75.0;terasort;97.36;1
80.0;terasort;98.16;1
85.0;terasort;98.24;1
90.0;terasort;96.07;1
95.0;terasort;96.07;1
100.0;terasort;96.1;1
105.0;terasort;96.01;1
110.0;terasort;96.15;1
115.0;terasort;96.25;1
120.0;terasort;96.28;1
125.0;terasort;96.42;1
130.0;terasort;97.04;1
135.0;terasort;98.27;1
140.0;terasort;98.06;1
145.0;terasort;97.02;1
150.0;terasort;94.58;1
155.0;terasort;94.69;1
160.0;terasort;94.88;1
165.0;terasort;94.93;1
170.0;terasort;95.06;1
175.0;terasort;94.81;1
180.0;terasort;94.94;1
185.0;terasort;94.95;1
190.0;terasort;95.27;1
195.0;terasort;95.29;1
200.0;terasort;95.15;1
205.0;terasort;95.14;1
210.0;terasort;95.09;1
215.0;terasort;95.14;1
220.0;terasort;95.33;1
225.0;terasort;95.12;1
230.0;terasort;95.25;1
235.0;terasort;95.16;1
240.0;terasort;95.16;1
245.0;terasort;95.18;1
250.0;terasort;95.22;1
0.0;terasort;93.24;2
5.0;terasort;93.3;2
10.0;terasort;93.37;2
15.0;terasort;93.39;2
20.0;terasort;94.6;2
25.0;terasort;95.07;2
30.0;terasort;94.79;2
35.0;terasort;94.01;2
40.0;terasort;96.18;2
45.0;terasort;97.86;2
50.0;terasort;98.24;2
55.0;terasort;97.54;2
60.0;terasort;97.33;2
65.0;terasort;98.29;2
70.0;terasort;97.38;2
75.0;terasort;97.36;2
80.0;terasort;98.16;2
85.0;terasort;98.24;2
90.0;terasort;96.07;2
95.0;terasort;96.07;2
100.0;terasort;96.1;2
105.0;terasort;96.01;2
110.0;terasort;96.15;2
115.0;terasort;96.25;2
120.0;terasort;96.28;2
125.0;terasort;96.42;2
130.0;terasort;97.04;2
135.0;terasort;98.27;2
140.0;terasort;98.06;2
145.0;terasort;97.02;2
150.0;terasort;94.58;2
155.0;terasort;94.69;2
160.0;terasort;94.88;2
165.0;terasort;94.93;2
170.0;terasort;95.06;2
175.0;terasort;94.81;2
180.0;terasort;94.94;2
185.0;terasort;94.95;2
190.0;terasort;95.27;2
195.0;terasort;95.29;2
200.0;terasort;95.15;2
205.0;terasort;95.14;2
210.0;terasort;95.09;2
215.0;terasort;95.14;2
220.0;terasort;95.33;2
225.0;terasort;95.12;2
230.0;terasort;95.25;2
235.0;terasort;95.16;2
240.0;terasort;95.16;2
245.0;terasort;95.18;2
250.0;terasort;95.22;2
0.0;terasort;93.24;3
5.0;terasort;93.3;3
10.0;terasort;93.37;3
15.0;terasort;93.39;3
20.0;terasort;94.6;3
25.0;terasort;95.07;3
30.0;terasort;94.79;3
35.0;terasort;94.01;3
40.0;terasort;96.18;3
45.0;terasort;97.86;3
50.0;terasort;98.24;3
55.0;terasort;97.54;3
60.0;terasort;97.33;3
65.0;terasort;98.29;3
70.0;terasort;97.38;3
75.0;terasort;97.36;3
80.0;terasort;98.16;3
85.0;terasort;98.24;3
90.0;terasort;96.07;3
95.0;terasort;96.07;3
100.0;terasort;96.1;3
105.0;terasort;96.01;3
110.0;terasort;96.15;3
115.0;terasort;96.25;3
120.0;terasort;96.28;3
125.0;terasort;96.42;3
130.0;terasort;97.04;3
135.0;terasort;98.27;3
140.0;terasort;98.06;3
145.0;terasort;97.02;3
150.0;terasort;94.58;3
155.0;terasort;94.69;3
160.0;terasort;94.88;3
165.0;terasort;94.93;3
170.0;terasort;95.06;3
175.0;terasort;94.81;3
180.0;terasort;94.94;3
185.0;terasort;94.95;3
190.0;terasort;95.27;3
195.0;terasort;95.29;3
200.0;terasort;95.15;3
205.0;terasort;95.14;3
210.0;terasort;95.09;3
215.0;terasort;95.14;3
220.0;terasort;95.33;3
225.0;terasort;95.12;3
230.0;terasort;95.25;3
235.0;terasort;95.16;3
240.0;terasort;95.16;3
245.0;terasort;95.18;3
250.0;terasort;95.22;3
0.0;terasort;93.24;4
5.0;terasort;93.3;4
10.0;terasort;93.37;4
15.0;terasort;93.39;4
20.0;terasort;94.6;4
25.0;terasort;95.07;4
30.0;terasort;94.79;4
35.0;terasort;94.01;4
40.0;terasort;96.18;4
45.0;terasort;97.86;4
50.0;terasort;98.24;4
55.0;terasort;97.54;4
60.0;terasort;97.33;4
65.0;terasort;98.29;4
70.0;terasort;97.38;4
75.0;terasort;97.36;4
80.0;terasort;98.16;4
85.0;terasort;98.24;4
90.0;terasort;96.07;4
95.0;terasort;96.07;4
100.0;terasort;96.1;4
105.0;terasort;96.01;4
110.0;terasort;96.15;4
115.0;terasort;96.25;4
120.0;terasort;96.28;4
125.0;terasort;96.42;4
130.0;terasort;97.04;4
135.0;terasort;98.27;4
140.0;terasort;98.06;4
145.0;terasort;97.02;4
150.0;terasort;94.58;4
155.0;terasort;94.69;4
160.0;terasort;94.88;4
165.0;terasort;94.93;4
170.0;terasort;95.06;4
175.0;terasort;94.81;4
180.0;terasort;94.94;4
185.0;terasort;94.95;4
190.0;terasort;95.27;4
195.0;terasort;95.29;4
200.0;terasort;95.15;4
205.0;terasort;95.14;4
210.0;terasort;95.09;4
215.0;terasort;95.14;4
220.0;terasort;95.33;4
225.0;terasort;95.12;4
230.0;terasort;95.25;4
235.0;terasort;95.16;4
240.0;terasort;95.16;4
245.0;terasort;95.18;4
250.0;terasort;95.22;4
0.0;terasort;93.24;5
5.0;terasort;93.3;5
10.0;terasort;93.37;5
15.0;terasort;93.39;5
20.0;terasort;94.6;5
25.0;terasort;95.07;5
30.0;terasort;94.79;5
35.0;terasort;94.01;5
40.0;terasort;96.18;5
45.0;terasort;97.86;5
50.0;terasort;98.24;5
55.0;terasort;97.54;5
60.0;terasort;97.33;5
65.0;terasort;98.29;5
70.0;terasort;97.38;5
75.0;terasort;97.36;5
80.0;terasort;98.16;5
85.0;terasort;98.24;5
90.0;terasort;96.07;5
95.0;terasort;96.07;5
100.0;terasort;96.1;5
105.0;terasort;96.01;5
110.0;terasort;96.15;5
115.0;terasort;96.25;5
120.0;terasort;96.28;5
125.0;terasort;96.42;5
130.0;terasort;97.04;5
135.0;terasort;98.27;5
140.0;terasort;98.06;5
145.0;terasort;97.02;5
150.0;terasort;94.58;5
155.0;terasort;94.69;5
160.0;terasort;94.88;5
165.0;terasort;94.93;5
170.0;terasort;95.06;5
175.0;terasort;94.81;5
180.0;terasort;94.94;5
185.0;terasort;94.95;5
190.0;terasort;95.27;5
195.0;terasort;95.29;5
200.0;terasort;95.15;5
205.0;terasort;95.14;5
210.0;terasort;95.09;5
215.0;terasort;95.14;5
220.0;terasort;95.33;5
225.0;terasort;95.12;5
230.0;terasort;95.25;5
235.0;terasort;95.16;5
240.0;terasort;95.16;5
245.0;terasort;95.18;5
250.0;terasort;95.22;5
0.0;terasort;93.24;6
5.0;terasort;93.3;6
10.0;terasort;93.37;6
15.0;terasort;93.39;6
20.0;terasort;94.6;6
25.0;terasort;95.07;6
30.0;terasort;94.79;6
35.0;terasort;94.01;6
40.0;terasort;96.18;6
45.0;terasort;97.86;6
50.0;terasort;98.24;6
55.0;terasort;97.54;6
60.0;terasort;97.33;6
65.0;terasort;98.29;6
70.0;terasort;97.38;6
75.0;terasort;97.36;6
80.0;terasort;98.16;6
85.0;terasort;98.24;6
90.0;terasort;96.07;6
95.0;terasort;96.07;6
100.0;terasort;96.1;6
105.0;terasort;96.01;6
110.0;terasort;96.15;6
115.0;terasort;96.25;6
120.0;terasort;96.28;6
125.0;terasort;96.42;6
130.0;terasort;97.04;6
135.0;terasort;98.27;6
140.0;terasort;98.06;6
145.0;terasort;97.02;6
150.0;terasort;94.58;6
155.0;terasort;94.69;6
160.0;terasort;94.88;6
165.0;terasort;94.93;6
170.0;terasort;95.06;6
175.0;terasort;94.81;6
180.0;terasort;94.94;6
185.0;terasort;94.95;6
190.0;terasort;95.27;6
195.0;terasort;95.29;6
200.0;terasort;95.15;6
205.0;terasort;95.14;6
210.0;terasort;95.09;6
215.0;terasort;95.14;6
220.0;terasort;95.33;6
225.0;terasort;95.12;6
230.0;terasort;95.25;6
235.0;terasort;95.16;6
240.0;terasort;95.16;6
245.0;terasort;95.18;6
250.0;terasort;95.22;6
0.0;terasort;93.24;7
5.0;terasort;93.3;7
10.0;terasort;93.37;7
15.0;terasort;93.39;7
20.0;terasort;94.6;7
25.0;terasort;95.07;7
30.0;terasort;94.79;7
35.0;terasort;94.01;7
40.0;terasort;96.18;7
45.0;terasort;97.86;7
50.0;terasort;98.24;7
55.0;terasort;97.54;7
60.0;terasort;97.33;7
65.0;terasort;98.29;7
70.0;terasort;97.38;7
75.0;terasort;97.36;7
80.0;terasort;98.16;7
85.0;terasort;98.24;7
90.0;terasort;96.07;7
95.0;terasort;96.07;7
100.0;terasort;96.1;7
105.0;terasort;96.01;7
110.0;terasort;96.15;7
115.0;terasort;96.25;7
120.0;terasort;96.28;7
125.0;terasort;96.42;7
130.0;terasort;97.04;7
135.0;terasort;98.27;7
140.0;terasort;98.06;7
145.0;terasort;97.02;7
150.0;terasort;94.58;7
155.0;terasort;94.69;7
160.0;terasort;94.88;7
165.0;terasort;94.93;7
170.0;terasort;95.06;7
175.0;terasort;94.81;7
180.0;terasort;94.94;7
185.0;terasort;94.95;7
190.0;terasort;95.27;7
195.0;terasort;95.29;7
200.0;terasort;95.15;7
205.0;terasort;95.14;7
210.0;terasort;95.09;7
215.0;terasort;95.14;7
220.0;terasort;95.33;7
225.0;terasort;95.12;7
230.0;terasort;95.25;7
235.0;terasort;95.16;7
240.0;terasort;95.16;7
245.0;terasort;95.18;7
250.0;terasort;95.22;7
